-- phpMyAdmin SQL Dump
-- version 5.2.0
-- https://www.phpmyadmin.net/
--
-- Host: localhost
-- Waktu pembuatan: 15 Apr 2023 pada 03.26
-- Versi server: 8.0.30
-- Versi PHP: 8.1.10

SET SQL_MODE = "NO_AUTO_VALUE_ON_ZERO";
START TRANSACTION;
SET time_zone = "+00:00";


/*!40101 SET @OLD_CHARACTER_SET_CLIENT=@@CHARACTER_SET_CLIENT */;
/*!40101 SET @OLD_CHARACTER_SET_RESULTS=@@CHARACTER_SET_RESULTS */;
/*!40101 SET @OLD_COLLATION_CONNECTION=@@COLLATION_CONNECTION */;
/*!40101 SET NAMES utf8 */;

--
-- Database: `db_simple_pos`
--

-- --------------------------------------------------------

--
-- Struktur dari tabel `category`
--

CREATE TABLE `category` (
  `id` int NOT NULL,
  `name` varchar(255) DEFAULT NULL
) ENGINE=InnoDB DEFAULT CHARSET=utf8 COLLATE=utf8_general_ci;

--
-- Dumping data untuk tabel `category`
--

INSERT INTO `category` (`id`, `name`) VALUES
(1, 'Herb Product'),
(2, 'Health Food & Beverages'),
(3, 'Cosmetics & Home Care'),
(9, 'Tool');

-- --------------------------------------------------------

--
-- Struktur dari tabel `customer`
--

CREATE TABLE `customer` (
  `id` int NOT NULL,
  `name` varchar(255) DEFAULT NULL,
  `address` text,
  `phone_number` varchar(25) DEFAULT NULL,
  `created_at` timestamp NULL DEFAULT CURRENT_TIMESTAMP,
  `updated_at` timestamp NULL DEFAULT NULL
) ENGINE=InnoDB DEFAULT CHARSET=utf8 COLLATE=utf8_general_ci;

--
-- Dumping data untuk tabel `customer`
--

INSERT INTO `customer` (`id`, `name`, `address`, `phone_number`, `created_at`, `updated_at`) VALUES
(3, 'Karimah Nuraini S.Pd', 'Psr. Yosodipuro No. 845, Palangka Raya 70746, Kalbar', '0805 2639 2438', '2023-04-09 06:21:02', '2023-04-09 06:21:02'),
(4, 'Kusuma Adinata Nashiruddin M.Pd', 'Gg. Samanhudi No. 370, Lhokseumawe 56968, Gorontalo', '0268 1206 529', '2023-04-09 06:21:02', '2023-04-09 06:21:02'),
(5, 'Wira Catur Wasita', 'Ds. Moch. Toha No. 166, Jambi 47811, Bali', '021 5154 9906', '2023-04-09 06:21:02', '2023-04-09 06:21:02'),
(6, 'Digdaya Setiawan S.Gz', 'Dk. Achmad No. 565, Kediri 77487, Bali', '0209 4101 598', '2023-04-09 06:21:02', '2023-04-09 06:21:02'),
(7, 'Sakti Putra', 'Kpg. Baha No. 131, Batu 72245, Gorontalo', '0829 702 750', '2023-04-09 06:21:02', '2023-04-09 06:21:02'),
(8, 'Dian Permata', 'Jln. Bagonwoto  No. 460, Langsa 57384, Jabar', '0842 8875 8437', '2023-04-09 06:21:02', '2023-04-09 06:21:02'),
(9, 'Balapati Hutapea S.Kom', 'Gg. Yosodipuro No. 994, Sukabumi 60224, Kalsel', '0480 9754 3086', '2023-04-09 06:21:02', '2023-04-09 06:21:02'),
(10, 'Tira Irma Hassanah', 'Kpg. Suprapto No. 212, Mojokerto 48177, Kalteng', '0717 9361 376', '2023-04-09 06:21:02', '2023-04-09 06:21:02'),
(11, 'Ibun Cawuk Gunawan', 'Jr. Rajawali Timur No. 118, Pekalongan 31144, Jatim', '0729 4122 4790', '2023-04-09 06:21:02', '2023-04-09 06:21:02'),
(12, 'Kartika Wahyuni S.E.', 'Kpg. Mulyadi No. 54, Serang 38665, Aceh', '0416 4076 3015', '2023-04-09 06:21:02', '2023-04-09 06:21:02'),
(13, 'Ilyas Raden Najmudin S.Pd', 'Jr. Sumpah Pemuda No. 699, Bontang 10860, Sulsel', '0261 9907 1822', '2023-04-09 06:21:02', '2023-04-09 06:21:02'),
(14, 'Eka Hassanah M.Pd', 'Psr. Reksoninten No. 857, Tangerang 28243, Kalsel', '026 2847 532', '2023-04-09 06:21:02', '2023-04-09 06:21:02'),
(15, 'Heryanto Napitupulu', 'Psr. Wahidin No. 385, Salatiga 67056, NTT', '0668 2614 770', '2023-04-09 06:21:02', '2023-04-09 06:21:02'),
(16, 'Safina Nurdiyanti', 'Jln. Jaksa No. 461, Administrasi Jakarta Timur 77848, Sulut', '(+62) 352 6221 3750', '2023-04-09 06:21:02', '2023-04-09 06:21:02'),
(17, 'Liman Vinsen Iswahyudi', 'Jr. Baan No. 282, Mataram 65524, Jateng', '0319 3686 335', '2023-04-09 06:21:02', '2023-04-09 06:21:02'),
(18, 'Rahmi Wulandari', 'Dk. Hasanuddin No. 277, Cimahi 78062, Aceh', '0884 4218 0053', '2023-04-09 06:21:02', '2023-04-09 06:21:02'),
(19, 'Padmi Lailasari S.T.', 'Ds. Lembong No. 53, Dumai 60966, Riau', '0352 6049 608', '2023-04-09 06:21:02', '2023-04-09 06:21:02'),
(20, 'Danu Prasetya', 'Jln. Sugiyopranoto No. 698, Binjai 45042, DIY', '(+62) 653 7160 7578', '2023-04-09 06:21:02', '2023-04-09 06:21:02'),
(21, 'Tami Handayani', 'Jr. Babadak No. 789, Mataram 25525, Sumsel', '(+62) 387 7836 991', '2023-04-09 06:21:02', '2023-04-09 06:21:02'),
(22, 'Dalima Utami', 'Dk. Hasanuddin No. 195, Sungai Penuh 43059, Sulsel', '0950 5790 346', '2023-04-09 06:21:02', '2023-04-09 06:21:02'),
(23, 'Wani Susanti', 'Ds. Barasak No. 11, Tebing Tinggi 44015, Kalteng', '0366 1636 109', '2023-04-09 06:21:02', '2023-04-09 06:21:02'),
(24, 'Wasis Kambali Wijaya S.E.I', 'Gg. Yogyakarta No. 830, Kendari 11077, Lampung', '(+62) 728 2665 1253', '2023-04-09 06:21:02', '2023-04-09 06:21:02'),
(25, 'Queen Lestari S.Kom', 'Kpg. Yap Tjwan Bing No. 144, Surakarta 40478, Kalbar', '0231 2027 830', '2023-04-09 06:21:02', '2023-04-09 06:21:02'),
(26, 'Endah Farida', 'Gg. Tubagus Ismail No. 395, Cilegon 51074, DIY', '0659 6340 780', '2023-04-09 06:21:02', '2023-04-09 06:21:02'),
(27, 'Kamila Pertiwi S.H.', 'Jr. Astana Anyar No. 531, Padangpanjang 47675, DKI', '0254 8144 5157', '2023-04-09 06:21:02', '2023-04-09 06:21:02'),
(28, 'Viktor Budiyanto S.Pt', 'Jln. Bayan No. 477, Makassar 31561, Jateng', '(+62) 422 4731 9135', '2023-04-09 06:21:02', '2023-04-09 06:21:02'),
(29, 'Alambana Harjo Maryadi S.H.', 'Jln. Abdul Muis No. 291, Semarang 38889, Sumut', '(+62) 870 8552 737', '2023-04-09 06:21:02', '2023-04-09 06:21:02'),
(30, 'Umi Nuraini', 'Jln. Sampangan No. 286, Medan 84576, Jambi', '0468 2646 649', '2023-04-09 06:21:02', '2023-04-09 06:21:02'),
(31, 'Vanya Mulyani S.IP', 'Jr. Barasak No. 786, Bekasi 31948, Kepri', '029 4053 1821', '2023-04-09 06:21:02', '2023-04-09 06:21:02'),
(32, 'Prakosa Mahesa Wahyudin', 'Jr. Kalimantan No. 598, Bogor 30066, Kalteng', '0364 7541 057', '2023-04-09 06:21:02', '2023-04-09 06:21:02'),
(33, 'Safina Hasanah', 'Gg. Monginsidi No. 782, Padangsidempuan 92939, Sultra', '0267 7570 8864', '2023-04-09 06:21:02', '2023-04-09 06:21:02'),
(34, 'Kayla Pratiwi', 'Dk. Bakaru No. 299, Cirebon 50616, Sumut', '0448 9082 7232', '2023-04-09 06:21:02', '2023-04-09 06:21:02'),
(35, 'Baktiadi Latupono', 'Jr. Tambun No. 344, Bukittinggi 51830, Maluku', '(+62) 872 5654 0827', '2023-04-09 06:21:02', '2023-04-09 06:21:02'),
(36, 'Tirta Prabowo', 'Ds. Madiun No. 936, Banjarmasin 74850, Jabar', '(+62) 888 8240 1614', '2023-04-09 06:21:02', '2023-04-09 06:21:02'),
(37, 'Ghani Alambana Kusumo S.Pd', 'Kpg. Gremet No. 919, Bima 16372, Sultra', '(+62) 538 1606 808', '2023-04-09 06:21:02', '2023-04-09 06:21:02'),
(38, 'Hesti Suartini S.Ked', 'Ds. Batako No. 639, Tarakan 75441, NTT', '(+62) 230 4929 3428', '2023-04-09 06:21:02', '2023-04-09 06:21:02'),
(39, 'Fitriani Usada M.Ak', 'Ki. Baan No. 658, Bogor 55750, Babel', '0734 1133 9443', '2023-04-09 06:21:02', '2023-04-09 06:21:02'),
(40, 'Tania Hastuti S.Sos', 'Gg. Bayam No. 30, Sabang 15512, Sumbar', '0334 2777 190', '2023-04-09 06:21:02', '2023-04-09 06:21:02'),
(41, 'Nasab Maryadi Haryanto M.M.', 'Ki. Ujung No. 883, Depok 43413, Jateng', '(+62) 412 7124 274', '2023-04-09 06:21:02', '2023-04-09 06:21:02'),
(42, 'Farhunnisa Puspasari M.M.', 'Ki. R.M. Said No. 342, Malang 84876, Jambi', '(+62) 704 5236 2916', '2023-04-09 06:21:02', '2023-04-09 06:21:02'),
(43, 'Enteng Samosir', 'Jr. Banda No. 517, Palembang 51288, Riau', '(+62) 535 4880 4933', '2023-04-09 06:21:02', '2023-04-09 06:21:02'),
(44, 'Emil Natsir', 'Jr. Jaksa No. 819, Pasuruan 80951, NTB', '(+62) 984 4642 3138', '2023-04-09 06:21:02', '2023-04-09 06:21:02'),
(45, 'Ismail Sitompul', 'Ki. Bhayangkara No. 635, Lubuklinggau 63605, Sumbar', '0626 7452 625', '2023-04-09 06:21:02', '2023-04-09 06:21:02'),
(46, 'Nurul Widiastuti', 'Psr. Sudiarto No. 532, Ambon 87386, Maluku', '0936 6697 296', '2023-04-09 06:21:02', '2023-04-09 06:21:02'),
(47, 'Dagel Dagel Irawan S.H.', 'Psr. Ters. Kiaracondong No. 317, Kendari 14212, Sumut', '(+62) 230 5469 365', '2023-04-09 06:21:02', '2023-04-09 06:21:02'),
(48, 'Tira Salsabila Purnawati S.Farm', 'Dk. K.H. Maskur No. 884, Mataram 12008, NTT', '(+62) 359 8735 427', '2023-04-09 06:21:02', '2023-04-09 06:21:02'),
(49, 'Widya Handayani', 'Dk. Warga No. 766, Ternate 63872, Papua', '0882 326 613', '2023-04-09 06:21:02', '2023-04-09 06:21:02'),
(50, 'Cawisono Uwais M.M.', 'Jln. Bakin No. 473, Tasikmalaya 94977, DKI', '(+62) 488 2699 306', '2023-04-09 06:21:02', '2023-04-09 06:21:02'),
(51, 'Jumadi Tampubolon', 'Jr. Arifin No. 377, Tarakan 59515, Jateng', '(+62) 835 1204 498', '2023-04-09 06:21:02', '2023-04-09 06:21:02'),
(52, 'Cornelia Astuti', 'Dk. Veteran No. 575, Payakumbuh 26881, Bali', '(+62) 832 2861 5603', '2023-04-09 06:21:02', '2023-04-09 06:21:02'),
(53, 'Wardaya Iswahyudi', 'Jln. Flores No. 193, Bima 35698, Kalteng', '(+62) 361 9782 539', '2023-04-09 06:21:02', '2023-04-09 06:21:02'),
(54, 'Mustofa Suwarno', 'Psr. Ketandan No. 717, Mataram 61032, Kalsel', '(+62) 655 5465 6799', '2023-04-09 06:21:02', '2023-04-09 06:21:02'),
(55, 'Kamal Reza Situmorang', 'Kpg. Ronggowarsito No. 705, Sabang 45963, Banten', '0868 119 236', '2023-04-09 06:21:02', '2023-04-09 06:21:02'),
(56, 'Kamidin Kawaca Anggriawan', 'Gg. Flora No. 922, Kediri 65167, Jateng', '(+62) 772 6916 397', '2023-04-09 06:21:02', '2023-04-09 06:21:02'),
(57, 'Ulya Jelita Farida M.Ak', 'Jln. Bazuka Raya No. 254, Gunungsitoli 52111, Sumut', '0553 6331 696', '2023-04-09 06:21:02', '2023-04-09 06:21:02'),
(58, 'Wirda Hassanah S.Kom', 'Jr. Cikutra Barat No. 343, Pagar Alam 48904, Sulsel', '0637 9200 476', '2023-04-09 06:21:02', '2023-04-09 06:21:02'),
(59, 'Azalea Pertiwi', 'Jln. Sudirman No. 652, Bima 33181, Riau', '(+62) 233 9454 325', '2023-04-09 06:21:02', '2023-04-09 06:21:02'),
(60, 'Rina Puspita S.T.', 'Jln. Pasirkoja No. 341, Tasikmalaya 92950, Sulbar', '(+62) 876 085 722', '2023-04-09 06:21:02', '2023-04-09 06:21:02'),
(61, 'Dinda Diana Yulianti', 'Dk. Ters. Kiaracondong No. 984, Balikpapan 90106, Jatim', '(+62) 430 0496 8142', '2023-04-09 06:21:02', '2023-04-09 06:21:02'),
(62, 'Bagiya Saefullah', 'Psr. Moch. Yamin No. 559, Bandar Lampung 56074, NTT', '0960 5699 043', '2023-04-09 06:21:02', '2023-04-09 06:21:02'),
(63, 'Uchita Pertiwi M.Farm', 'Ki. Jayawijaya No. 598, Administrasi Jakarta Pusat 13801, Jambi', '(+62) 21 0018 818', '2023-04-09 06:21:02', '2023-04-09 06:21:02'),
(64, 'Paris Farida S.IP', 'Jr. Baranang Siang No. 85, Salatiga 25934, Malut', '(+62) 305 7072 562', '2023-04-09 06:21:02', '2023-04-09 06:21:02'),
(65, 'Kanda Wahyudin', 'Ds. Sudiarto No. 121, Solok 97986, Jambi', '0595 3627 789', '2023-04-09 06:21:02', '2023-04-09 06:21:02'),
(66, 'Nrima Okto Sirait', 'Psr. Baya Kali Bungur No. 625, Tidore Kepulauan 94621, Jambi', '(+62) 435 4684 442', '2023-04-09 06:21:02', '2023-04-09 06:21:02'),
(67, 'Anastasia Tari Purnawati S.I.Kom', 'Ki. Pelajar Pejuang 45 No. 13, Tangerang Selatan 88282, Maluku', '(+62) 348 4710 767', '2023-04-09 06:21:02', '2023-04-09 06:21:02'),
(68, 'Aris Wijaya', 'Psr. Veteran No. 539, Banjar 54778, Kalteng', '0382 4894 1949', '2023-04-09 06:21:02', '2023-04-09 06:21:02'),
(69, 'Tiara Yulianti', 'Kpg. Ir. H. Juanda No. 12, Denpasar 48773, Sulsel', '(+62) 303 0935 3318', '2023-04-09 06:21:02', '2023-04-09 06:21:02'),
(70, 'Panji Prakasa S.T.', 'Kpg. BKR No. 307, Prabumulih 55825, Sulut', '0216 0207 527', '2023-04-09 06:21:02', '2023-04-09 06:21:02'),
(71, 'Makara Eka Lazuardi', 'Kpg. Suryo Pranoto No. 46, Sorong 76586, Kaltim', '0375 4455 5753', '2023-04-09 06:21:02', '2023-04-09 06:21:02'),
(72, 'Almira Nurdiyanti', 'Jln. Basoka Raya No. 27, Makassar 84791, Sumsel', '0567 6413 7342', '2023-04-09 06:21:02', '2023-04-09 06:21:02'),
(73, 'Virman Dongoran S.H.', 'Ds. Jend. A. Yani No. 230, Metro 88778, Riau', '0496 1093 905', '2023-04-09 06:21:02', '2023-04-09 06:21:02'),
(74, 'Jumari Prabowo M.TI.', 'Dk. Yos Sudarso No. 108, Sukabumi 53114, Kaltim', '(+62) 227 7939 304', '2023-04-09 06:21:02', '2023-04-09 06:21:02'),
(75, 'Salsabila Latika Permata S.I.Kom', 'Gg. Perintis Kemerdekaan No. 687, Tanjung Pinang 89400, Jambi', '(+62) 543 6448 7726', '2023-04-09 06:21:02', '2023-04-09 06:21:02'),
(76, 'Qori Purnawati', 'Jln. Kartini No. 699, Gorontalo 28021, DKI', '0553 2257 900', '2023-04-09 06:21:02', '2023-04-09 06:21:02'),
(77, 'Marsudi Ardianto', 'Ki. Suryo No. 964, Solok 32839, Banten', '(+62) 26 3406 7155', '2023-04-09 06:21:02', '2023-04-09 06:21:02'),
(78, 'Ciaobella Almira Yuniar', 'Jr. Casablanca No. 333, Ambon 84564, NTB', '0637 9195 1643', '2023-04-09 06:21:02', '2023-04-09 06:21:02'),
(79, 'Gantar Aswani Pratama', 'Gg. Gedebage Selatan No. 972, Administrasi Jakarta Timur 68267, Bengkulu', '(+62) 933 3080 684', '2023-04-09 06:21:02', '2023-04-09 06:21:02'),
(80, 'Alambana Sitompul', 'Ds. Jambu No. 155, Cimahi 12366, Babel', '0489 2210 424', '2023-04-09 06:21:02', '2023-04-09 06:21:02'),
(81, 'Vanesa Syahrini Zulaika', 'Gg. Suryo No. 601, Pematangsiantar 69278, Sulsel', '(+62) 278 4319 0302', '2023-04-09 06:21:02', '2023-04-09 06:21:02'),
(82, 'Syahrini Purwanti', 'Ki. Mulyadi No. 891, Administrasi Jakarta Utara 57333, Jatim', '(+62) 588 4400 7967', '2023-04-09 06:21:02', '2023-04-09 06:21:02'),
(83, 'Karman Hakim S.Kom', 'Gg. Pattimura No. 864, Pangkal Pinang 50681, Malut', '(+62) 681 8083 162', '2023-04-09 06:21:02', '2023-04-09 06:21:02'),
(84, 'Slamet Jailani S.Psi', 'Dk. Antapani Lama No. 667, Tual 37386, Gorontalo', '(+62) 338 6765 8769', '2023-04-09 06:21:02', '2023-04-09 06:21:02'),
(85, 'Gawati Nurdiyanti', 'Jln. Bacang No. 151, Depok 64280, Maluku', '(+62) 887 1337 4808', '2023-04-09 06:21:02', '2023-04-09 06:21:02'),
(86, 'Ifa Ami Handayani', 'Ds. Rajawali No. 587, Bontang 76565, NTB', '(+62) 462 5087 412', '2023-04-09 06:21:02', '2023-04-09 06:21:02'),
(87, 'Jamalia Astuti', 'Dk. Eka No. 601, Bima 99585, Pabar', '(+62) 536 2361 4069', '2023-04-09 06:21:02', '2023-04-09 06:21:02'),
(88, 'Yoga Marbun', 'Ds. Bass No. 887, Madiun 54589, Jambi', '(+62) 315 1297 757', '2023-04-09 06:21:02', '2023-04-09 06:21:02'),
(89, 'Bagya Saputra', 'Jln. Gedebage Selatan No. 814, Bandar Lampung 34375, Pabar', '0645 2015 652', '2023-04-09 06:21:02', '2023-04-09 06:21:02'),
(90, 'Ani Palastri M.M.', 'Ds. Wahid Hasyim No. 30, Bengkulu 60011, DIY', '0470 8976 968', '2023-04-09 06:21:02', '2023-04-09 06:21:02'),
(91, 'Edi Bakianto Sitorus S.Ked', 'Jln. Wora Wari No. 791, Banjarbaru 37724, Sultra', '0880 5801 754', '2023-04-09 06:21:02', '2023-04-09 06:21:02'),
(92, 'Hendra Balidin Permadi S.Ked', 'Ds. HOS. Cjokroaminoto (Pasirkaliki) No. 843, Kediri 39555, Kepri', '0537 4124 625', '2023-04-09 06:21:02', '2023-04-09 06:21:02'),
(93, 'Zelda Oni Maryati S.Pt', 'Jr. Sutan Syahrir No. 151, Banjarmasin 41065, Aceh', '0968 8966 226', '2023-04-09 06:21:02', '2023-04-09 06:21:02'),
(94, 'Bahuwirya Samosir', 'Ds. Baik No. 951, Surakarta 72729, Bali', '(+62) 379 4215 7732', '2023-04-09 06:21:02', '2023-04-09 06:21:02'),
(95, 'Mulyanto Jasmani Siregar', 'Kpg. Barat No. 439, Tangerang Selatan 51084, Sumsel', '0971 1362 809', '2023-04-09 06:21:02', '2023-04-09 06:21:02'),
(96, 'Uchita Wahyuni S.Ked', 'Ki. Yoga No. 665, Binjai 50472, Pabar', '(+62) 233 9533 6161', '2023-04-09 06:21:02', '2023-04-09 06:21:02'),
(97, 'Cemani Caraka Natsir S.Gz', 'Psr. Zamrud No. 587, Tanjung Pinang 96718, Aceh', '020 2322 0292', '2023-04-09 06:21:02', '2023-04-09 06:21:02'),
(98, 'Kamila Susanti', 'Jln. Suryo Pranoto No. 880, Depok 97311, Sulbar', '(+62) 788 4770 2806', '2023-04-09 06:21:02', '2023-04-09 06:21:02'),
(99, 'Saiful Dabukke', 'Jr. BKR No. 527, Pontianak 86647, Papua', '(+62) 568 7174 3486', '2023-04-09 06:21:02', '2023-04-09 06:21:02'),
(100, 'Safina Rahmi Usada S.I.Kom', 'Jr. Suryo No. 304, Kendari 57062, Babel', '(+62) 25 8731 598', '2023-04-09 06:21:02', '2023-04-09 06:21:02'),
(101, 'Jumadi Narpati', 'Gg. Sutoyo No. 846, Metro 36173, Sumsel', '(+62) 977 5009 8259', '2023-04-09 06:21:02', '2023-04-09 06:21:02'),
(102, 'Kartika Wijayanti S.Farm', 'Psr. Ki Hajar Dewantara No. 273, Solok 96782, Jabar', '(+62) 874 2156 626', '2023-04-09 06:21:02', '2023-04-09 06:21:02');

-- --------------------------------------------------------

--
-- Struktur dari tabel `failed_jobs`
--

CREATE TABLE `failed_jobs` (
  `id` bigint UNSIGNED NOT NULL,
  `uuid` varchar(255) CHARACTER SET utf8 COLLATE utf8_unicode_ci NOT NULL,
  `connection` text CHARACTER SET utf8 COLLATE utf8_unicode_ci NOT NULL,
  `queue` text CHARACTER SET utf8 COLLATE utf8_unicode_ci NOT NULL,
  `payload` longtext CHARACTER SET utf8 COLLATE utf8_unicode_ci NOT NULL,
  `exception` longtext CHARACTER SET utf8 COLLATE utf8_unicode_ci NOT NULL,
  `failed_at` timestamp NOT NULL DEFAULT CURRENT_TIMESTAMP
) ENGINE=InnoDB DEFAULT CHARSET=utf8 COLLATE=utf8_unicode_ci;

-- --------------------------------------------------------

--
-- Struktur dari tabel `migrations`
--

CREATE TABLE `migrations` (
  `id` int UNSIGNED NOT NULL,
  `migration` varchar(255) CHARACTER SET utf8 COLLATE utf8_unicode_ci NOT NULL,
  `batch` int NOT NULL
) ENGINE=InnoDB DEFAULT CHARSET=utf8 COLLATE=utf8_unicode_ci;

-- --------------------------------------------------------

--
-- Struktur dari tabel `order`
--

CREATE TABLE `order` (
  `id` int NOT NULL,
  `invoice_code` varchar(255) DEFAULT NULL,
  `amount` int DEFAULT NULL,
  `paid` int DEFAULT NULL,
  `change` int DEFAULT NULL,
  `discount` int DEFAULT NULL,
  `tax` int DEFAULT NULL,
  `status` tinyint DEFAULT NULL,
  `created_at` timestamp NULL DEFAULT NULL,
  `updated_at` timestamp NULL DEFAULT NULL,
  `customer_id` int DEFAULT NULL,
  `user_id` bigint UNSIGNED NOT NULL
) ENGINE=InnoDB DEFAULT CHARSET=utf8 COLLATE=utf8_general_ci;

--
-- Dumping data untuk tabel `order`
--

INSERT INTO `order` (`id`, `invoice_code`, `amount`, `paid`, `change`, `discount`, `tax`, `status`, `created_at`, `updated_at`, `customer_id`, `user_id`) VALUES
(106, 'INV-20230222-6675', 2047000, 2124000, 77000, 23000, NULL, 1, '2023-04-09 06:36:30', '2023-04-09 06:36:30', 32, 2),
(107, 'INV-20230107-4662', 454000, 487000, 33000, 6000, NULL, 1, '2023-04-09 06:36:30', '2023-04-09 06:36:30', 60, 3),
(108, 'INV-20230110-6496', 427000, 516000, 89000, 3000, NULL, 1, '2023-04-09 06:36:30', '2023-04-09 06:36:30', 12, 1),
(109, 'INV-20230319-6938', 2706000, 2754000, 48000, 22000, NULL, 1, '2023-04-09 06:36:30', '2023-04-09 06:36:30', 70, 1),
(110, 'INV-20230227-1028', 2035000, 2063000, 28000, 30000, NULL, 1, '2023-04-09 06:36:30', '2023-04-09 06:36:30', 19, 1),
(111, 'INV-20230130-4430', 1200000, 1234000, 34000, 0, NULL, 1, '2023-04-09 06:36:30', '2023-04-09 06:36:30', 31, 1),
(112, 'INV-20230204-8850', 573000, 660000, 87000, 27000, NULL, 1, '2023-04-09 06:36:30', '2023-04-09 06:36:30', 6, 2),
(113, 'INV-20230103-5623', 575000, 652000, 77000, 5000, NULL, 1, '2023-04-09 06:36:30', '2023-04-09 06:36:30', 72, 1),
(114, 'INV-20230106-8357', 363000, 462000, 99000, 27000, NULL, 1, '2023-04-09 06:36:30', '2023-04-09 06:36:30', 9, 3),
(115, 'INV-20230128-1153', 376000, 435000, 59000, 19000, NULL, 1, '2023-04-09 06:36:30', '2023-04-09 06:36:30', 43, 2),
(116, 'INV-20230221-5072', 466000, 564000, 98000, 4000, NULL, 1, '2023-04-09 06:36:30', '2023-04-09 06:36:30', 5, 1),
(117, 'INV-20230126-3591', 340000, 410000, 70000, 0, NULL, 1, '2023-04-09 06:36:30', '2023-04-09 06:36:30', 14, 3),
(118, 'INV-20230219-2339', 641000, 648000, 7000, 29000, NULL, 1, '2023-04-09 06:36:30', '2023-04-09 06:36:30', 55, 1),
(119, 'INV-20230321-9551', 1111000, 1211000, 100000, 9000, NULL, 1, '2023-04-09 06:36:30', '2023-04-09 06:36:30', 38, 3),
(120, 'INV-20230313-7672', 304000, 389000, 85000, 16000, NULL, 1, '2023-04-09 06:36:30', '2023-04-09 06:36:30', 60, 1),
(121, 'INV-20230215-2129', 2977000, 3013000, 36000, 28000, NULL, 1, '2023-04-09 06:36:30', '2023-04-09 06:36:30', 13, 3),
(122, 'INV-20230224-2908', 226000, 311000, 85000, 19000, NULL, 1, '2023-04-09 06:36:30', '2023-04-09 06:36:30', 86, 2),
(123, 'INV-20230331-7935', 821000, 849000, 28000, 19000, NULL, 1, '2023-04-09 06:36:30', '2023-04-09 06:36:30', 9, 1),
(124, 'INV-20230210-5838', 1381000, 1420000, 39000, 19000, NULL, 1, '2023-04-09 06:36:30', '2023-04-09 06:36:30', 46, 2),
(125, 'INV-20230129-1848', 1339000, 1354000, 15000, 21000, NULL, 1, '2023-04-09 06:36:30', '2023-04-09 06:36:30', 55, 1),
(126, 'INV-20230118-1502', 773000, 823000, 50000, 7000, NULL, 1, '2023-04-09 06:36:30', '2023-04-09 06:36:30', 28, 3),
(127, 'INV-20230329-4985', 214000, 291000, 77000, 6000, NULL, 1, '2023-04-09 06:36:30', '2023-04-09 06:36:30', 91, 2),
(128, 'INV-20230120-6494', 670000, 675000, 5000, 10000, NULL, 1, '2023-04-09 06:36:30', '2023-04-09 06:36:30', 24, 2),
(129, 'INV-20230103-4199', 912000, 1012000, 100000, 18000, NULL, 1, '2023-04-09 06:36:30', '2023-04-09 06:36:30', 4, 1),
(130, 'INV-20230123-2900', 2434000, 2452000, 18000, 26000, NULL, 1, '2023-04-09 06:36:30', '2023-04-09 06:36:30', 92, 2),
(131, 'INV-20230213-4426', 539000, 560000, 21000, 1000, NULL, 1, '2023-04-09 06:36:30', '2023-04-09 06:36:30', 44, 1),
(132, 'INV-20230117-1263', 1453000, 1507000, 54000, 2000, NULL, 1, '2023-04-09 06:36:30', '2023-04-09 06:36:30', 25, 2),
(133, 'INV-20230319-3843', 996000, 1060000, 64000, 17000, NULL, 1, '2023-04-09 06:36:30', '2023-04-09 06:36:30', 81, 2),
(134, 'INV-20230130-3643', 493000, 585000, 92000, 22000, NULL, 1, '2023-04-09 06:36:30', '2023-04-09 06:36:30', 21, 3),
(135, 'INV-20230317-7141', 1711000, 1753000, 42000, 19000, NULL, 1, '2023-04-09 06:36:30', '2023-04-09 06:36:30', 89, 1),
(136, 'INV-20230613-1551', 339000, 421000, 82000, 27000, NULL, 1, '2023-04-09 06:37:29', '2023-04-09 06:37:29', 39, 2),
(137, 'INV-20230509-9553', 2829000, 2843000, 14000, 1000, NULL, 1, '2023-04-09 06:37:29', '2023-04-09 06:37:29', 69, 3),
(138, 'INV-20230629-4184', 383000, 400000, 17000, 22000, NULL, 1, '2023-04-09 06:37:29', '2023-04-09 06:37:29', 97, 2),
(139, 'INV-20230623-1621', 924000, 1019000, 95000, 1000, NULL, 1, '2023-04-09 06:37:29', '2023-04-09 06:37:29', 77, 1),
(140, 'INV-20230513-4399', 758000, 852000, 94000, 27000, NULL, 1, '2023-04-09 06:37:29', '2023-04-09 06:37:29', 27, 3),
(141, 'INV-20230405-8378', 520000, 604000, 84000, 10000, NULL, 1, '2023-04-09 06:37:29', '2023-04-09 06:37:29', 46, 2),
(142, 'INV-20230502-6083', 702000, 744000, 42000, 3000, NULL, 1, '2023-04-09 06:37:29', '2023-04-09 06:37:29', 51, 2),
(143, 'INV-20230505-4400', 2214000, 2299000, 85000, 1000, NULL, 1, '2023-04-09 06:37:29', '2023-04-09 06:37:29', 36, 1),
(144, 'INV-20230416-3017', 1032000, 1078000, 46000, 18000, NULL, 1, '2023-04-09 06:37:29', '2023-04-09 06:37:29', 53, 1),
(145, 'INV-20230626-2702', 213000, 229000, 16000, 2000, NULL, 1, '2023-04-09 06:37:29', '2023-04-09 06:37:29', 80, 3),
(146, 'INV-20230616-5097', 1351000, 1386000, 35000, 19000, NULL, 1, '2023-04-09 06:37:29', '2023-04-09 06:37:29', 86, 1),
(147, 'INV-20230606-9972', 572000, 644000, 72000, 8000, NULL, 1, '2023-04-09 06:37:29', '2023-04-09 06:37:29', 93, 3),
(148, 'INV-20230424-3646', 2853000, 2894000, 41000, 27000, NULL, 1, '2023-04-09 06:37:29', '2023-04-09 06:37:29', 79, 3),
(149, 'INV-20230517-3178', 1270000, 1302000, 32000, 19000, NULL, 1, '2023-04-09 06:37:29', '2023-04-09 06:37:29', 95, 1),
(150, 'INV-20230628-6991', 989000, 1017000, 28000, 11000, NULL, 1, '2023-04-09 06:37:29', '2023-04-09 06:37:29', 22, 1),
(151, 'INV-20230615-9172', 567000, 617000, 50000, 3000, NULL, 1, '2023-04-09 06:37:29', '2023-04-09 06:37:29', 42, 1),
(152, 'INV-20230426-6631', 496000, 564000, 68000, 24000, NULL, 1, '2023-04-09 06:37:29', '2023-04-09 06:37:29', 57, 2),
(153, 'INV-20230522-5475', 1223000, 1277000, 54000, 17000, NULL, 1, '2023-04-09 06:37:29', '2023-04-09 06:37:29', 98, 3),
(154, 'INV-20230629-9123', 1370000, 1469000, 99000, 30000, NULL, 1, '2023-04-09 06:37:29', '2023-04-09 06:37:29', 98, 3),
(155, 'INV-20230514-6971', 1566000, 1572000, 6000, 24000, NULL, 1, '2023-04-09 06:37:29', '2023-04-09 06:37:29', 22, 3),
(156, 'INV-20230414-8126', 699000, 716000, 17000, 21000, NULL, 1, '2023-04-09 06:37:29', '2023-04-09 06:37:29', 50, 2),
(157, 'INV-20230529-3462', 416000, 466000, 50000, 24000, NULL, 1, '2023-04-09 06:37:29', '2023-04-09 06:37:29', 25, 3),
(158, 'INV-20230516-9659', 2243000, 2338000, 95000, 7000, NULL, 1, '2023-04-09 06:37:29', '2023-04-09 06:37:29', 93, 3),
(159, 'INV-20230401-3658', 1620000, 1712000, 92000, 10000, NULL, 1, '2023-04-09 06:37:29', '2023-04-09 06:37:29', 68, 3),
(160, 'INV-20230605-8874', 1387000, 1387000, 0, 8000, NULL, 1, '2023-04-09 06:37:29', '2023-04-09 06:37:29', 60, 3),
(161, 'INV-20230512-3694', 837000, 852000, 15000, 15000, NULL, 1, '2023-04-09 06:37:29', '2023-04-09 06:37:29', 12, 3),
(162, 'INV-20230627-6654', 824000, 871000, 47000, 26000, NULL, 1, '2023-04-09 06:37:29', '2023-04-09 06:37:29', 33, 1),
(163, 'INV-20230621-8512', 446000, 451000, 5000, 4000, NULL, 1, '2023-04-09 06:37:29', '2023-04-09 06:37:29', 32, 2),
(164, 'INV-20230501-9207', 64000, 78000, 14000, 5000, NULL, 1, '2023-04-09 06:37:29', '2023-04-09 06:37:29', 47, 3),
(165, 'INV-20230416-6634', 541000, 635000, 94000, 10000, NULL, 1, '2023-04-09 06:37:29', '2023-04-09 06:37:29', 97, 1),
(166, 'INV-20231009-7344', 1027000, 1079000, 52000, 23000, NULL, 1, '2023-04-09 06:38:20', '2023-04-09 06:38:20', 76, 2),
(167, 'INV-20231103-8227', 697000, 796000, 99000, 28000, NULL, 1, '2023-04-09 06:38:20', '2023-04-09 06:38:20', 78, 1),
(168, 'INV-20231002-9772', 1268000, 1343000, 75000, 15000, NULL, 1, '2023-04-09 06:38:20', '2023-04-09 06:38:20', 9, 1),
(169, 'INV-20231225-2220', 582000, 654000, 72000, 8000, NULL, 1, '2023-04-09 06:38:20', '2023-04-09 06:38:20', 72, 1),
(170, 'INV-20231020-1993', 585000, 650000, 65000, 30000, NULL, 1, '2023-04-09 06:38:20', '2023-04-09 06:38:20', 10, 1),
(171, 'INV-20231026-9249', 398000, 482000, 84000, 22000, NULL, 1, '2023-04-09 06:38:20', '2023-04-09 06:38:20', 62, 1),
(172, 'INV-20231122-3108', 1118000, 1123000, 5000, 12000, NULL, 1, '2023-04-09 06:38:20', '2023-04-09 06:38:20', 21, 3),
(173, 'INV-20231115-5450', 720000, 748000, 28000, 30000, NULL, 1, '2023-04-09 06:38:20', '2023-04-09 06:38:20', 36, 1),
(174, 'INV-20231104-4881', 991000, 1019000, 28000, 0, NULL, 1, '2023-04-09 06:38:20', '2023-04-09 06:38:20', 13, 3),
(175, 'INV-20231007-4572', 1008000, 1083000, 75000, 22000, NULL, 1, '2023-04-09 06:38:20', '2023-04-09 06:38:20', 28, 2),
(176, 'INV-20231008-4262', 2048000, 2145000, 97000, 17000, NULL, 1, '2023-04-09 06:38:20', '2023-04-09 06:38:20', 59, 1),
(177, 'INV-20231111-5961', 408000, 466000, 58000, 22000, NULL, 1, '2023-04-09 06:38:20', '2023-04-09 06:38:20', 41, 3),
(178, 'INV-20231017-8159', 568000, 602000, 34000, 17000, NULL, 1, '2023-04-09 06:38:20', '2023-04-09 06:38:20', 18, 1),
(179, 'INV-20231117-4127', 518000, 526000, 8000, 22000, NULL, 1, '2023-04-09 06:38:20', '2023-04-09 06:38:20', 37, 1),
(180, 'INV-20231119-4322', 825000, 910000, 85000, 0, NULL, 1, '2023-04-09 06:38:20', '2023-04-09 06:38:20', 8, 1),
(181, 'INV-20231118-7890', 513000, 547000, 34000, 27000, NULL, 1, '2023-04-09 06:38:20', '2023-04-09 06:38:20', 47, 2),
(182, 'INV-20231113-9455', 2101000, 2121000, 20000, 9000, NULL, 1, '2023-04-09 06:38:20', '2023-04-09 06:38:20', 99, 1),
(183, 'INV-20231130-3062', 656000, 702000, 46000, 24000, NULL, 1, '2023-04-09 06:38:20', '2023-04-09 06:38:20', 13, 3),
(184, 'INV-20231128-3681', 768000, 784000, 16000, 12000, NULL, 1, '2023-04-09 06:38:20', '2023-04-09 06:38:20', 90, 3),
(185, 'INV-20231118-5985', 2000000, 2034000, 34000, 10000, NULL, 1, '2023-04-09 06:38:20', '2023-04-09 06:38:20', 85, 3),
(186, 'INV-20231115-8697', 687000, 755000, 68000, 8000, NULL, 1, '2023-04-09 06:38:20', '2023-04-09 06:38:20', 62, 3),
(187, 'INV-20231207-2510', 2023000, 2064000, 41000, 7000, NULL, 1, '2023-04-09 06:38:20', '2023-04-09 06:38:20', 100, 1),
(188, 'INV-20231223-3424', 630000, 674000, 44000, 20000, NULL, 1, '2023-04-09 06:38:20', '2023-04-09 06:38:20', 75, 3),
(189, 'INV-20231112-8394', 169000, 210000, 41000, 13000, NULL, 1, '2023-04-09 06:38:20', '2023-04-09 06:38:20', 69, 2),
(190, 'INV-20231110-9560', 1078000, 1172000, 94000, 2000, NULL, 1, '2023-04-09 06:38:20', '2023-04-09 06:38:20', 76, 1),
(191, 'INV-20231013-1142', 1490000, 1520000, 30000, 25000, NULL, 1, '2023-04-09 06:38:20', '2023-04-09 06:38:20', 15, 2),
(192, 'INV-20231216-4203', 938000, 1038000, 100000, 22000, NULL, 1, '2023-04-09 06:38:20', '2023-04-09 06:38:20', 93, 2),
(193, 'INV-20231105-3233', 245000, 302000, 57000, 30000, NULL, 1, '2023-04-09 06:38:20', '2023-04-09 06:38:20', 45, 2),
(194, 'INV-20231109-5366', 1495000, 1544000, 49000, 25000, NULL, 1, '2023-04-09 06:38:20', '2023-04-09 06:38:20', 63, 2),
(195, 'INV-20231124-5237', 451000, 488000, 37000, 4000, NULL, 1, '2023-04-09 06:38:20', '2023-04-09 06:38:20', 36, 1),
(196, 'INV-20230328-9298', 1677000, 1727000, 50000, 28000, NULL, 1, '2023-03-27 19:19:35', '2023-03-28 06:45:12', 12, 1),
(197, 'INV-20230302-2902', 2021000, 2030000, 9000, 14000, NULL, 1, '2023-03-01 18:25:53', '2023-03-01 20:16:02', 44, 3),
(198, 'INV-20230221-9654', 736000, 830000, 94000, 24000, NULL, 1, '2023-02-21 00:37:58', '2023-02-21 02:24:22', 97, 3),
(199, 'INV-20230126-3549', 851000, 916000, 65000, 29000, NULL, 1, '2023-01-25 21:09:55', '2023-01-26 00:58:38', 76, 1),
(200, 'INV-20230325-6136', 888000, 919000, 31000, 17000, NULL, 1, '2023-03-24 23:53:20', '2023-03-24 20:44:13', 50, 3),
(201, 'INV-20230104-5331', 1485000, 1508000, 23000, 20000, NULL, 1, '2023-01-04 11:56:37', '2023-01-04 05:47:21', 43, 3),
(202, 'INV-20230124-3776', 957000, 974000, 17000, 23000, NULL, 1, '2023-01-23 18:15:16', '2023-01-24 00:46:43', 87, 1),
(203, 'INV-20230301-1182', 1013000, 1042000, 29000, 17000, NULL, 1, '2023-03-01 06:01:06', '2023-03-01 11:25:30', 73, 1),
(204, 'INV-20230104-9913', 346000, 413000, 67000, 4000, NULL, 1, '2023-01-04 01:17:58', '2023-01-04 15:30:33', 75, 2),
(205, 'INV-20230127-5730', 1669000, 1724000, 55000, 1000, NULL, 1, '2023-01-27 16:32:42', '2023-01-27 00:36:16', 46, 2),
(206, 'INV-20230307-1082', 804000, 822000, 18000, 18000, NULL, 1, '2023-03-07 14:06:33', '2023-03-06 21:36:47', 67, 2),
(207, 'INV-20230120-2387', 729000, 787000, 58000, 1000, NULL, 1, '2023-01-20 14:33:18', '2023-01-20 05:38:41', 51, 1),
(208, 'INV-20230321-8388', 474000, 506000, 32000, 9000, NULL, 1, '2023-03-21 01:34:20', '2023-03-21 04:17:07', 10, 3),
(209, 'INV-20230103-3075', 2264000, 2340000, 76000, 26000, NULL, 1, '2023-01-03 01:48:56', '2023-01-03 16:51:03', 86, 1),
(210, 'INV-20230115-8297', 1163000, 1187000, 24000, 27000, NULL, 1, '2023-01-15 11:28:01', '2023-01-14 21:43:17', 48, 3),
(211, 'INV-20230104-7596', 883000, 936000, 53000, 7000, NULL, 1, '2023-01-04 09:35:08', '2023-01-04 08:55:23', 97, 3),
(212, 'INV-20230305-9439', 892000, 919000, 27000, 28000, NULL, 1, '2023-03-05 13:18:32', '2023-03-04 20:12:29', 11, 2),
(213, 'INV-20230123-3044', 566000, 621000, 55000, 14000, NULL, 1, '2023-01-22 21:58:58', '2023-01-23 10:14:32', 71, 1),
(214, 'INV-20230320-4601', 1487000, 1554000, 67000, 3000, NULL, 1, '2023-03-19 23:27:45', '2023-03-19 20:57:23', 75, 1),
(215, 'INV-20230210-7835', 560000, 614000, 54000, 0, NULL, 1, '2023-02-10 09:11:47', '2023-02-10 04:35:19', 50, 2),
(216, 'INV-20230108-7279', 620000, 708000, 88000, 0, NULL, 1, '2023-01-08 14:48:27', '2023-01-08 12:51:41', 80, 3),
(217, 'INV-20230212-4683', 949000, 1045000, 96000, 16000, NULL, 1, '2023-02-12 07:21:03', '2023-02-12 12:26:38', 39, 1),
(218, 'INV-20230228-1635', 435000, 487000, 52000, 20000, NULL, 1, '2023-02-27 17:54:11', '2023-02-28 00:34:55', 102, 1),
(219, 'INV-20230226-2351', 597000, 605000, 8000, 3000, NULL, 1, '2023-02-26 16:43:05', '2023-02-26 10:26:45', 58, 3),
(220, 'INV-20230108-3410', 1961000, 2050000, 89000, 24000, NULL, 1, '2023-01-08 08:48:20', '2023-01-07 22:56:33', 8, 2),
(221, 'INV-20230224-6494', 599000, 658000, 59000, 16000, NULL, 1, '2023-02-23 21:29:38', '2023-02-24 03:04:13', 60, 2),
(222, 'INV-20230206-4955', 808000, 863000, 55000, 2000, NULL, 1, '2023-02-06 12:44:01', '2023-02-05 18:53:08', 23, 1),
(223, 'INV-20230118-5904', 604000, 655000, 51000, 0, NULL, 1, '2023-01-18 07:28:14', '2023-01-18 13:50:08', 72, 2),
(224, 'INV-20230331-4238', 658000, 736000, 78000, 2000, NULL, 1, '2023-03-30 18:54:54', '2023-03-31 16:22:11', 34, 3),
(225, 'INV-20230128-6525', 549000, 610000, 61000, 6000, NULL, 1, '2023-01-28 07:44:09', '2023-01-27 21:01:31', 90, 3),
(226, 'INV-20230205-1016', 506000, 531000, 25000, 29000, NULL, 1, '2023-02-05 06:07:15', '2023-02-04 20:22:32', 91, 2),
(227, 'INV-20230224-4214', 425000, 462000, 37000, 15000, NULL, 1, '2023-02-23 21:04:28', '2023-02-24 12:31:00', 53, 3),
(228, 'INV-20230220-8367', 1346000, 1397000, 51000, 4000, NULL, 1, '2023-02-20 16:21:02', '2023-02-20 04:35:09', 101, 1),
(229, 'INV-20230117-8013', 1669000, 1683000, 14000, 21000, NULL, 1, '2023-01-17 04:18:20', '2023-01-17 15:49:43', 87, 3),
(230, 'INV-20230331-8785', 1888000, 1979000, 91000, 11000, NULL, 1, '2023-03-31 12:53:02', '2023-03-31 12:55:22', 64, 3),
(231, 'INV-20230110-8148', 343000, 397000, 54000, 27000, NULL, 1, '2023-01-10 08:07:59', '2023-01-09 19:36:47', 37, 1),
(232, 'INV-20230113-9641', 462000, 550000, 88000, 13000, NULL, 1, '2023-01-13 02:22:00', '2023-01-13 04:14:54', 31, 2),
(233, 'INV-20230116-5905', 917000, 983000, 66000, 3000, NULL, 1, '2023-01-16 06:56:31', '2023-01-16 15:49:57', 102, 1),
(234, 'INV-20230312-8872', 188000, 271000, 83000, 16000, NULL, 1, '2023-03-11 19:22:21', '2023-03-12 07:39:02', 6, 1),
(235, 'INV-20230325-8327', 810000, 871000, 61000, 20000, NULL, 1, '2023-03-25 01:01:13', '2023-03-25 05:26:58', 66, 2),
(236, 'INV-20230212-3834', 767000, 863000, 96000, 23000, NULL, 1, '2023-02-12 03:59:40', '2023-02-11 19:20:52', 31, 3),
(237, 'INV-20230207-9354', 1064000, 1099000, 35000, 9000, NULL, 1, '2023-02-07 03:55:11', '2023-02-07 12:34:22', 99, 3),
(238, 'INV-20230214-9350', 2435000, 2506000, 71000, 15000, NULL, 1, '2023-02-14 02:09:19', '2023-02-14 03:45:10', 39, 2),
(239, 'INV-20230114-8924', 263000, 299000, 36000, 22000, NULL, 1, '2023-01-14 02:21:57', '2023-01-14 14:02:40', 87, 2),
(240, 'INV-20230219-1181', 1025000, 1110000, 85000, 20000, NULL, 1, '2023-02-19 07:47:48', '2023-02-19 04:21:36', 26, 2),
(241, 'INV-20230201-2607', 845000, 875000, 30000, 15000, NULL, 1, '2023-02-01 08:58:17', '2023-01-31 23:18:37', 33, 3),
(242, 'INV-20230331-9201', 138000, 237000, 99000, 17000, NULL, 1, '2023-03-31 06:58:52', '2023-03-31 07:26:00', 79, 1),
(243, 'INV-20230204-8189', 1199000, 1229000, 30000, 26000, NULL, 1, '2023-02-04 15:17:54', '2023-02-04 00:19:36', 29, 2),
(244, 'INV-20230329-7254', 222000, 233000, 11000, 5000, NULL, 1, '2023-03-29 00:45:56', '2023-03-28 22:47:25', 34, 3),
(245, 'INV-20230118-7199', 755000, 766000, 11000, 6000, NULL, 1, '2023-01-18 00:56:46', '2023-01-18 12:46:01', 56, 1),
(246, 'INV-20230130-4145', 581000, 677000, 96000, 29000, NULL, 1, '2023-01-30 05:21:42', '2023-01-30 03:20:35', 94, 1),
(247, 'INV-20230320-3754', 763000, 784000, 21000, 17000, NULL, 1, '2023-03-20 16:45:46', '2023-03-20 13:45:50', 74, 3),
(248, 'INV-20230312-2280', 446000, 452000, 6000, 24000, NULL, 1, '2023-03-12 11:17:47', '2023-03-12 00:35:26', 88, 3),
(249, 'INV-20230129-1544', 768000, 811000, 43000, 22000, NULL, 1, '2023-01-28 19:12:53', '2023-01-29 15:11:49', 70, 3),
(250, 'INV-20230214-1179', 932000, 934000, 2000, 18000, NULL, 1, '2023-02-14 00:34:18', '2023-02-14 03:14:17', 26, 2),
(251, 'INV-20230203-7344', 1411000, 1508000, 97000, 8000, NULL, 1, '2023-02-02 21:18:07', '2023-02-03 09:49:14', 52, 3),
(252, 'INV-20230130-4940', 581000, 666000, 85000, 19000, NULL, 1, '2023-01-30 01:30:16', '2023-01-29 18:29:46', 101, 3),
(253, 'INV-20230313-6137', 2295000, 2368000, 73000, 30000, NULL, 1, '2023-03-12 18:36:24', '2023-03-13 14:58:15', 90, 2),
(254, 'INV-20230121-4913', 970000, 1024000, 54000, 20000, NULL, 1, '2023-01-21 03:34:16', '2023-01-21 13:07:08', 15, 3),
(255, 'INV-20230302-4649', 910000, 943000, 33000, 0, NULL, 1, '2023-03-02 10:08:58', '2023-03-01 17:57:26', 63, 3),
(256, 'INV-20230213-3891', 1789000, 1851000, 62000, 21000, NULL, 1, '2023-02-12 18:35:57', '2023-02-13 06:27:31', 57, 3),
(257, 'INV-20230212-1431', 1097000, 1191000, 94000, 25000, NULL, 1, '2023-02-12 10:00:38', '2023-02-12 01:54:02', 62, 3),
(258, 'INV-20230225-5072', 254000, 354000, 100000, 11000, NULL, 1, '2023-02-25 02:00:58', '2023-02-25 03:58:11', 63, 2),
(259, 'INV-20230205-9305', 2249000, 2298000, 49000, 16000, NULL, 1, '2023-02-05 09:44:53', '2023-02-05 16:19:54', 8, 2),
(260, 'INV-20230108-7201', 299000, 333000, 34000, 11000, NULL, 1, '2023-01-07 21:35:08', '2023-01-07 21:31:24', 85, 2),
(261, 'INV-20230223-2834', 615000, 675000, 60000, 22000, NULL, 1, '2023-02-23 11:15:56', '2023-02-23 05:39:59', 37, 2),
(262, 'INV-20230301-6890', 1582000, 1586000, 4000, 28000, NULL, 1, '2023-03-01 08:55:03', '2023-02-28 19:52:08', 7, 3),
(263, 'INV-20230324-2587', 1563000, 1581000, 18000, 2000, NULL, 1, '2023-03-24 04:34:24', '2023-03-24 07:23:31', 29, 1),
(264, 'INV-20230116-3318', 307000, 327000, 20000, 3000, NULL, 1, '2023-01-16 10:20:28', '2023-01-16 14:43:13', 48, 2),
(265, 'INV-20230303-3878', 485000, 515000, 30000, 17000, NULL, 1, '2023-03-03 11:03:41', '2023-03-03 11:15:38', 88, 3),
(266, 'INV-20230329-7073', 674000, 749000, 75000, 12000, NULL, 1, '2023-03-29 06:03:25', '2023-03-28 20:47:38', 47, 1),
(267, 'INV-20230210-9715', 401000, 461000, 60000, 4000, NULL, 1, '2023-02-10 07:42:01', '2023-02-09 17:59:46', 40, 1),
(268, 'INV-20230125-2469', 877000, 959000, 82000, 23000, NULL, 1, '2023-01-24 23:03:19', '2023-01-25 06:24:56', 61, 3),
(269, 'INV-20230208-1102', 2729000, 2826000, 97000, 11000, NULL, 1, '2023-02-08 12:11:34', '2023-02-08 06:04:35', 67, 1),
(270, 'INV-20230124-9959', 2347000, 2356000, 9000, 13000, NULL, 1, '2023-01-23 18:54:12', '2023-01-24 07:45:39', 81, 1),
(271, 'INV-20230303-3915', 770000, 866000, 96000, 15000, NULL, 1, '2023-03-03 01:20:20', '2023-03-03 08:55:33', 27, 3),
(272, 'INV-20230114-4918', 1054000, 1064000, 10000, 1000, NULL, 1, '2023-01-14 02:44:46', '2023-01-14 10:21:38', 95, 1),
(273, 'INV-20230106-9482', 2290000, 2385000, 95000, 10000, NULL, 1, '2023-01-05 20:36:40', '2023-01-05 20:35:54', 18, 2),
(274, 'INV-20230107-6648', 723000, 729000, 6000, 2000, NULL, 1, '2023-01-06 19:21:11', '2023-01-06 23:56:32', 25, 3),
(275, 'INV-20230309-4120', 1066000, 1083000, 17000, 24000, NULL, 1, '2023-03-09 16:53:01', '2023-03-09 13:17:23', 64, 2),
(276, 'INV-20230127-4212', 673000, 748000, 75000, 22000, NULL, 1, '2023-01-27 08:30:39', '2023-01-27 08:10:22', 85, 2),
(277, 'INV-20230308-2476', 995000, 1081000, 86000, 0, NULL, 1, '2023-03-08 07:31:50', '2023-03-07 22:33:43', 76, 3),
(278, 'INV-20230210-3218', 1087000, 1088000, 1000, 13000, NULL, 1, '2023-02-10 14:11:44', '2023-02-10 06:50:53', 63, 2),
(279, 'INV-20230228-3981', 979000, 1020000, 41000, 23000, NULL, 1, '2023-02-28 08:08:01', '2023-02-28 05:08:13', 67, 3),
(280, 'INV-20230310-7084', 280000, 314000, 34000, 10000, NULL, 1, '2023-03-10 16:45:09', '2023-03-09 22:49:37', 98, 1),
(281, 'INV-20230314-3837', 131000, 136000, 5000, 29000, NULL, 1, '2023-03-13 21:44:36', '2023-03-14 11:31:03', 55, 1),
(282, 'INV-20230308-5720', 1602000, 1701000, 99000, 13000, NULL, 1, '2023-03-08 02:49:26', '2023-03-08 08:15:38', 85, 1),
(283, 'INV-20230218-4316', 305000, 381000, 76000, 0, NULL, 1, '2023-02-17 20:36:09', '2023-02-17 23:09:38', 50, 2),
(284, 'INV-20230124-8079', 643000, 742000, 99000, 7000, NULL, 1, '2023-01-24 06:15:38', '2023-01-24 14:57:48', 18, 3),
(285, 'INV-20230123-7762', 692000, 735000, 43000, 8000, NULL, 1, '2023-01-23 14:41:07', '2023-01-23 11:37:10', 98, 2),
(286, 'INV-20230227-4106', 712000, 729000, 17000, 13000, NULL, 1, '2023-02-26 23:31:09', '2023-02-27 00:38:20', 86, 3),
(287, 'INV-20230112-6055', 756000, 771000, 15000, 23000, NULL, 1, '2023-01-12 05:36:23', '2023-01-12 12:28:46', 95, 2),
(288, 'INV-20230114-8686', 575000, 597000, 22000, 5000, NULL, 1, '2023-01-14 08:36:21', '2023-01-14 02:18:39', 91, 1),
(289, 'INV-20230214-5090', 746000, 846000, 100000, 4000, NULL, 1, '2023-02-14 08:31:09', '2023-02-14 02:34:43', 85, 3),
(290, 'INV-20230106-4322', 720000, 763000, 43000, 20000, NULL, 1, '2023-01-06 10:50:45', '2023-01-06 08:51:55', 11, 1),
(291, 'INV-20230213-6028', 2485000, 2585000, 100000, 10000, NULL, 1, '2023-02-13 08:05:57', '2023-02-13 06:26:00', 98, 1),
(292, 'INV-20230120-1405', 534000, 630000, 96000, 15000, NULL, 1, '2023-01-20 11:43:21', '2023-01-19 20:19:44', 5, 1),
(293, 'INV-20230222-5433', 1186000, 1281000, 95000, 9000, NULL, 1, '2023-02-22 06:46:43', '2023-02-22 10:27:15', 22, 3),
(294, 'INV-20230120-9455', 2147000, 2169000, 22000, 3000, NULL, 1, '2023-01-19 19:34:43', '2023-01-19 17:03:41', 6, 2),
(295, 'INV-20230311-3867', 1364000, 1449000, 85000, 26000, NULL, 1, '2023-03-11 04:12:22', '2023-03-11 06:44:18', 37, 3),
(296, 'INV-20230415080821', 864000, 1000000, 136000, 96000, NULL, 1, '2023-04-15 01:08:21', '2023-04-15 01:08:21', NULL, 1),
(297, 'INV-20230415081040', 285000, 300000, 15000, 0, NULL, 1, '2023-04-15 01:10:40', '2023-04-15 01:10:40', NULL, 1),
(298, 'INV-20230415081102', 285000, 1000000, 715000, 0, NULL, 1, '2023-04-15 01:11:02', '2023-04-15 01:11:02', 101, 1),
(299, 'INV-20230415081148', 220000, 1000000, 780000, 0, NULL, 1, '2023-04-15 01:11:48', '2023-04-15 01:11:48', NULL, 1),
(300, 'INV-20230415081220', 90000, 100000, 10000, 0, NULL, 1, '2023-04-15 01:12:20', '2023-04-15 01:12:20', 5, 1),
(301, 'INV-20230415081302', 220000, 300000, 80000, 0, NULL, 1, '2023-04-15 01:13:02', '2023-04-15 01:13:02', NULL, 1),
(302, 'INV-20230415081312', 110000, 120000, 10000, 0, NULL, 1, '2023-04-15 01:13:12', '2023-04-15 01:13:12', 7, 1);

-- --------------------------------------------------------

--
-- Struktur dari tabel `order_detail`
--

CREATE TABLE `order_detail` (
  `id` int NOT NULL,
  `order_id` int NOT NULL,
  `discount` int DEFAULT NULL,
  `stock_id` int NOT NULL
) ENGINE=InnoDB DEFAULT CHARSET=utf8 COLLATE=utf8_general_ci;

--
-- Dumping data untuk tabel `order_detail`
--

INSERT INTO `order_detail` (`id`, `order_id`, `discount`, `stock_id`) VALUES
(240, 106, 0, 561),
(241, 106, 0, 562),
(242, 106, 0, 563),
(243, 106, 0, 564),
(244, 106, 0, 565),
(245, 107, 0, 566),
(246, 107, 0, 567),
(247, 107, 0, 568),
(248, 108, 0, 569),
(249, 108, 0, 570),
(250, 109, 0, 571),
(251, 109, 0, 572),
(252, 109, 0, 573),
(253, 109, 0, 574),
(254, 109, 0, 575),
(255, 110, 0, 576),
(256, 110, 0, 577),
(257, 110, 0, 578),
(258, 110, 0, 579),
(259, 110, 0, 580),
(260, 111, 0, 581),
(261, 111, 0, 582),
(262, 111, 0, 583),
(263, 111, 0, 584),
(264, 112, 0, 585),
(265, 112, 0, 586),
(266, 113, 0, 587),
(267, 113, 0, 588),
(268, 114, 0, 589),
(269, 114, 0, 590),
(270, 115, 0, 591),
(271, 115, 0, 592),
(272, 115, 0, 593),
(273, 115, 0, 594),
(274, 116, 0, 595),
(275, 116, 0, 596),
(276, 116, 0, 597),
(277, 117, 0, 598),
(278, 117, 0, 599),
(279, 118, 0, 600),
(280, 118, 0, 601),
(281, 118, 0, 602),
(282, 119, 0, 603),
(283, 119, 0, 604),
(284, 119, 0, 605),
(285, 120, 0, 606),
(286, 120, 0, 607),
(287, 121, 0, 608),
(288, 121, 0, 609),
(289, 121, 0, 610),
(290, 121, 0, 611),
(291, 121, 0, 612),
(292, 122, 0, 613),
(293, 122, 0, 614),
(294, 123, 0, 615),
(295, 123, 0, 616),
(296, 124, 0, 617),
(297, 124, 0, 618),
(298, 124, 0, 619),
(299, 124, 0, 620),
(300, 125, 0, 621),
(301, 125, 0, 622),
(302, 125, 0, 623),
(303, 125, 0, 624),
(304, 126, 0, 625),
(305, 126, 0, 626),
(306, 126, 0, 627),
(307, 126, 0, 628),
(308, 127, 0, 629),
(309, 127, 0, 630),
(310, 128, 0, 631),
(311, 128, 0, 632),
(312, 128, 0, 633),
(313, 128, 0, 634),
(314, 128, 0, 635),
(315, 129, 0, 636),
(316, 129, 0, 637),
(317, 129, 0, 638),
(318, 130, 0, 639),
(319, 130, 0, 640),
(320, 130, 0, 641),
(321, 130, 0, 642),
(322, 130, 0, 643),
(323, 131, 0, 644),
(324, 131, 0, 645),
(325, 131, 0, 646),
(326, 131, 0, 647),
(327, 132, 0, 648),
(328, 132, 0, 649),
(329, 132, 0, 650),
(330, 132, 0, 651),
(331, 132, 0, 652),
(332, 133, 0, 653),
(333, 133, 0, 654),
(334, 134, 0, 655),
(335, 134, 0, 656),
(336, 134, 0, 657),
(337, 135, 0, 658),
(338, 135, 0, 659),
(339, 135, 0, 660),
(340, 136, 0, 661),
(341, 136, 0, 662),
(342, 136, 0, 663),
(343, 137, 0, 664),
(344, 137, 0, 665),
(345, 137, 0, 666),
(346, 138, 0, 667),
(347, 138, 0, 668),
(348, 138, 0, 669),
(349, 139, 0, 670),
(350, 139, 0, 671),
(351, 139, 0, 672),
(352, 139, 0, 673),
(353, 140, 0, 674),
(354, 140, 0, 675),
(355, 140, 0, 676),
(356, 141, 0, 677),
(357, 141, 0, 678),
(358, 142, 0, 679),
(359, 142, 0, 680),
(360, 142, 0, 681),
(361, 143, 0, 682),
(362, 143, 0, 683),
(363, 143, 0, 684),
(364, 143, 0, 685),
(365, 143, 0, 686),
(366, 144, 0, 687),
(367, 144, 0, 688),
(368, 144, 0, 689),
(369, 144, 0, 690),
(370, 145, 0, 691),
(371, 145, 0, 692),
(372, 145, 0, 693),
(373, 146, 0, 694),
(374, 146, 0, 695),
(375, 146, 0, 696),
(376, 146, 0, 697),
(377, 146, 0, 698),
(378, 147, 0, 699),
(379, 147, 0, 700),
(380, 147, 0, 701),
(381, 147, 0, 702),
(382, 148, 0, 703),
(383, 148, 0, 704),
(384, 148, 0, 705),
(385, 148, 0, 706),
(386, 148, 0, 707),
(387, 149, 0, 708),
(388, 149, 0, 709),
(389, 149, 0, 710),
(390, 150, 0, 711),
(391, 150, 0, 712),
(392, 150, 0, 713),
(393, 150, 0, 714),
(394, 151, 0, 715),
(395, 151, 0, 716),
(396, 152, 0, 717),
(397, 152, 0, 718),
(398, 152, 0, 719),
(399, 153, 0, 720),
(400, 153, 0, 721),
(401, 153, 0, 722),
(402, 153, 0, 723),
(403, 153, 0, 724),
(404, 154, 0, 725),
(405, 154, 0, 726),
(406, 154, 0, 727),
(407, 154, 0, 728),
(408, 154, 0, 729),
(409, 155, 0, 730),
(410, 155, 0, 731),
(411, 155, 0, 732),
(412, 156, 0, 733),
(413, 156, 0, 734),
(414, 156, 0, 735),
(415, 156, 0, 736),
(416, 157, 0, 737),
(417, 157, 0, 738),
(418, 158, 0, 739),
(419, 158, 0, 740),
(420, 159, 0, 741),
(421, 159, 0, 742),
(422, 159, 0, 743),
(423, 159, 0, 744),
(424, 160, 0, 745),
(425, 160, 0, 746),
(426, 160, 0, 747),
(427, 160, 0, 748),
(428, 160, 0, 749),
(429, 161, 0, 750),
(430, 161, 0, 751),
(431, 161, 0, 752),
(432, 161, 0, 753),
(433, 162, 0, 754),
(434, 162, 0, 755),
(435, 162, 0, 756),
(436, 163, 0, 757),
(437, 163, 0, 758),
(438, 164, 0, 759),
(439, 164, 0, 760),
(440, 165, 0, 761),
(441, 165, 0, 762),
(442, 165, 0, 763),
(443, 165, 0, 764),
(444, 166, 0, 765),
(445, 166, 0, 766),
(446, 166, 0, 767),
(447, 166, 0, 768),
(448, 167, 0, 769),
(449, 167, 0, 770),
(450, 168, 0, 771),
(451, 168, 0, 772),
(452, 168, 0, 773),
(453, 168, 0, 774),
(454, 169, 0, 775),
(455, 169, 0, 776),
(456, 169, 0, 777),
(457, 170, 0, 778),
(458, 170, 0, 779),
(459, 170, 0, 780),
(460, 171, 0, 781),
(461, 171, 0, 782),
(462, 172, 0, 783),
(463, 172, 0, 784),
(464, 172, 0, 785),
(465, 173, 0, 786),
(466, 173, 0, 787),
(467, 173, 0, 788),
(468, 174, 0, 789),
(469, 174, 0, 790),
(470, 174, 0, 791),
(471, 174, 0, 792),
(472, 174, 0, 793),
(473, 175, 0, 794),
(474, 175, 0, 795),
(475, 175, 0, 796),
(476, 175, 0, 797),
(477, 176, 0, 798),
(478, 176, 0, 799),
(479, 176, 0, 800),
(480, 176, 0, 801),
(481, 176, 0, 802),
(482, 177, 0, 803),
(483, 177, 0, 804),
(484, 178, 0, 805),
(485, 178, 0, 806),
(486, 179, 0, 807),
(487, 179, 0, 808),
(488, 179, 0, 809),
(489, 180, 0, 810),
(490, 180, 0, 811),
(491, 180, 0, 812),
(492, 180, 0, 813),
(493, 181, 0, 814),
(494, 181, 0, 815),
(495, 182, 0, 816),
(496, 182, 0, 817),
(497, 182, 0, 818),
(498, 182, 0, 819),
(499, 182, 0, 820),
(500, 183, 0, 821),
(501, 183, 0, 822),
(502, 184, 0, 823),
(503, 184, 0, 824),
(504, 184, 0, 825),
(505, 185, 0, 826),
(506, 185, 0, 827),
(507, 185, 0, 828),
(508, 185, 0, 829),
(509, 185, 0, 830),
(510, 186, 0, 831),
(511, 186, 0, 832),
(512, 186, 0, 833),
(513, 187, 0, 834),
(514, 187, 0, 835),
(515, 187, 0, 836),
(516, 187, 0, 837),
(517, 187, 0, 838),
(518, 188, 0, 839),
(519, 188, 0, 840),
(520, 188, 0, 841),
(521, 189, 0, 842),
(522, 189, 0, 843),
(523, 190, 0, 844),
(524, 190, 0, 845),
(525, 191, 0, 846),
(526, 191, 0, 847),
(527, 191, 0, 848),
(528, 191, 0, 849),
(529, 192, 0, 850),
(530, 192, 0, 851),
(531, 192, 0, 852),
(532, 192, 0, 853),
(533, 192, 0, 854),
(534, 193, 0, 855),
(535, 193, 0, 856),
(536, 193, 0, 857),
(537, 194, 0, 858),
(538, 194, 0, 859),
(539, 194, 0, 860),
(540, 194, 0, 861),
(541, 194, 0, 862),
(542, 195, 0, 863),
(543, 195, 0, 864),
(544, 195, 0, 865),
(545, 195, 0, 866),
(546, 196, 0, 867),
(547, 196, 0, 868),
(548, 196, 0, 869),
(549, 196, 0, 870),
(550, 197, 0, 871),
(551, 197, 0, 872),
(552, 197, 0, 873),
(553, 197, 0, 874),
(554, 197, 0, 875),
(555, 198, 0, 876),
(556, 198, 0, 877),
(557, 198, 0, 878),
(558, 199, 0, 879),
(559, 199, 0, 880),
(560, 199, 0, 881),
(561, 200, 0, 882),
(562, 200, 0, 883),
(563, 200, 0, 884),
(564, 200, 0, 885),
(565, 200, 0, 886),
(566, 201, 0, 887),
(567, 201, 0, 888),
(568, 201, 0, 889),
(569, 201, 0, 890),
(570, 201, 0, 891),
(571, 202, 0, 892),
(572, 202, 0, 893),
(573, 202, 0, 894),
(574, 203, 0, 895),
(575, 203, 0, 896),
(576, 203, 0, 897),
(577, 203, 0, 898),
(578, 204, 0, 899),
(579, 204, 0, 900),
(580, 204, 0, 901),
(581, 205, 0, 902),
(582, 205, 0, 903),
(583, 205, 0, 904),
(584, 205, 0, 905),
(585, 205, 0, 906),
(586, 206, 0, 907),
(587, 206, 0, 908),
(588, 206, 0, 909),
(589, 207, 0, 910),
(590, 207, 0, 911),
(591, 207, 0, 912),
(592, 207, 0, 913),
(593, 207, 0, 914),
(594, 208, 0, 915),
(595, 208, 0, 916),
(596, 208, 0, 917),
(597, 209, 0, 918),
(598, 209, 0, 919),
(599, 209, 0, 920),
(600, 209, 0, 921),
(601, 209, 0, 922),
(602, 210, 0, 923),
(603, 210, 0, 924),
(604, 210, 0, 925),
(605, 211, 0, 926),
(606, 211, 0, 927),
(607, 211, 0, 928),
(608, 211, 0, 929),
(609, 212, 0, 930),
(610, 212, 0, 931),
(611, 212, 0, 932),
(612, 212, 0, 933),
(613, 213, 0, 934),
(614, 213, 0, 935),
(615, 213, 0, 936),
(616, 214, 0, 937),
(617, 214, 0, 938),
(618, 214, 0, 939),
(619, 214, 0, 940),
(620, 215, 0, 941),
(621, 215, 0, 942),
(622, 215, 0, 943),
(623, 216, 0, 944),
(624, 216, 0, 945),
(625, 217, 0, 946),
(626, 217, 0, 947),
(627, 217, 0, 948),
(628, 217, 0, 949),
(629, 217, 0, 950),
(630, 218, 0, 951),
(631, 218, 0, 952),
(632, 218, 0, 953),
(633, 218, 0, 954),
(634, 219, 0, 955),
(635, 219, 0, 956),
(636, 219, 0, 957),
(637, 220, 0, 958),
(638, 220, 0, 959),
(639, 220, 0, 960),
(640, 220, 0, 961),
(641, 221, 0, 962),
(642, 221, 0, 963),
(643, 221, 0, 964),
(644, 222, 0, 965),
(645, 222, 0, 966),
(646, 222, 0, 967),
(647, 222, 0, 968),
(648, 223, 0, 969),
(649, 223, 0, 970),
(650, 223, 0, 971),
(651, 223, 0, 972),
(652, 224, 0, 973),
(653, 224, 0, 974),
(654, 225, 0, 975),
(655, 225, 0, 976),
(656, 226, 0, 977),
(657, 226, 0, 978),
(658, 227, 0, 979),
(659, 227, 0, 980),
(660, 227, 0, 981),
(661, 228, 0, 982),
(662, 228, 0, 983),
(663, 228, 0, 984),
(664, 228, 0, 985),
(665, 229, 0, 986),
(666, 229, 0, 987),
(667, 229, 0, 988),
(668, 229, 0, 989),
(669, 230, 0, 990),
(670, 230, 0, 991),
(671, 230, 0, 992),
(672, 230, 0, 993),
(673, 230, 0, 994),
(674, 231, 0, 995),
(675, 231, 0, 996),
(676, 232, 0, 997),
(677, 232, 0, 998),
(678, 233, 0, 999),
(679, 233, 0, 1000),
(680, 233, 0, 1001),
(681, 234, 0, 1002),
(682, 234, 0, 1003),
(683, 235, 0, 1004),
(684, 235, 0, 1005),
(685, 236, 0, 1006),
(686, 236, 0, 1007),
(687, 237, 0, 1008),
(688, 237, 0, 1009),
(689, 237, 0, 1010),
(690, 237, 0, 1011),
(691, 237, 0, 1012),
(692, 238, 0, 1013),
(693, 238, 0, 1014),
(694, 238, 0, 1015),
(695, 238, 0, 1016),
(696, 238, 0, 1017),
(697, 239, 0, 1018),
(698, 239, 0, 1019),
(699, 240, 0, 1020),
(700, 240, 0, 1021),
(701, 241, 0, 1022),
(702, 241, 0, 1023),
(703, 241, 0, 1024),
(704, 242, 0, 1025),
(705, 242, 0, 1026),
(706, 242, 0, 1027),
(707, 243, 0, 1028),
(708, 243, 0, 1029),
(709, 243, 0, 1030),
(710, 243, 0, 1031),
(711, 244, 0, 1032),
(712, 244, 0, 1033),
(713, 244, 0, 1034),
(714, 245, 0, 1035),
(715, 245, 0, 1036),
(716, 245, 0, 1037),
(717, 245, 0, 1038),
(718, 246, 0, 1039),
(719, 246, 0, 1040),
(720, 246, 0, 1041),
(721, 246, 0, 1042),
(722, 247, 0, 1043),
(723, 247, 0, 1044),
(724, 247, 0, 1045),
(725, 247, 0, 1046),
(726, 247, 0, 1047),
(727, 248, 0, 1048),
(728, 248, 0, 1049),
(729, 248, 0, 1050),
(730, 249, 0, 1051),
(731, 249, 0, 1052),
(732, 249, 0, 1053),
(733, 249, 0, 1054),
(734, 249, 0, 1055),
(735, 250, 0, 1056),
(736, 250, 0, 1057),
(737, 250, 0, 1058),
(738, 251, 0, 1059),
(739, 251, 0, 1060),
(740, 251, 0, 1061),
(741, 251, 0, 1062),
(742, 251, 0, 1063),
(743, 252, 0, 1064),
(744, 252, 0, 1065),
(745, 252, 0, 1066),
(746, 253, 0, 1067),
(747, 253, 0, 1068),
(748, 253, 0, 1069),
(749, 253, 0, 1070),
(750, 253, 0, 1071),
(751, 254, 0, 1072),
(752, 254, 0, 1073),
(753, 254, 0, 1074),
(754, 254, 0, 1075),
(755, 255, 0, 1076),
(756, 255, 0, 1077),
(757, 255, 0, 1078),
(758, 256, 0, 1079),
(759, 256, 0, 1080),
(760, 256, 0, 1081),
(761, 256, 0, 1082),
(762, 257, 0, 1083),
(763, 257, 0, 1084),
(764, 257, 0, 1085),
(765, 257, 0, 1086),
(766, 257, 0, 1087),
(767, 258, 0, 1088),
(768, 258, 0, 1089),
(769, 258, 0, 1090),
(770, 259, 0, 1091),
(771, 259, 0, 1092),
(772, 259, 0, 1093),
(773, 259, 0, 1094),
(774, 259, 0, 1095),
(775, 260, 0, 1096),
(776, 260, 0, 1097),
(777, 261, 0, 1098),
(778, 261, 0, 1099),
(779, 261, 0, 1100),
(780, 261, 0, 1101),
(781, 262, 0, 1102),
(782, 262, 0, 1103),
(783, 262, 0, 1104),
(784, 263, 0, 1105),
(785, 263, 0, 1106),
(786, 263, 0, 1107),
(787, 263, 0, 1108),
(788, 263, 0, 1109),
(789, 264, 0, 1110),
(790, 264, 0, 1111),
(791, 265, 0, 1112),
(792, 265, 0, 1113),
(793, 265, 0, 1114),
(794, 265, 0, 1115),
(795, 266, 0, 1116),
(796, 266, 0, 1117),
(797, 266, 0, 1118),
(798, 267, 0, 1119),
(799, 267, 0, 1120),
(800, 267, 0, 1121),
(801, 268, 0, 1122),
(802, 268, 0, 1123),
(803, 268, 0, 1124),
(804, 269, 0, 1125),
(805, 269, 0, 1126),
(806, 269, 0, 1127),
(807, 269, 0, 1128),
(808, 270, 0, 1129),
(809, 270, 0, 1130),
(810, 271, 0, 1131),
(811, 271, 0, 1132),
(812, 271, 0, 1133),
(813, 271, 0, 1134),
(814, 271, 0, 1135),
(815, 272, 0, 1136),
(816, 272, 0, 1137),
(817, 272, 0, 1138),
(818, 272, 0, 1139),
(819, 273, 0, 1140),
(820, 273, 0, 1141),
(821, 273, 0, 1142),
(822, 273, 0, 1143),
(823, 274, 0, 1144),
(824, 274, 0, 1145),
(825, 275, 0, 1146),
(826, 275, 0, 1147),
(827, 275, 0, 1148),
(828, 276, 0, 1149),
(829, 276, 0, 1150),
(830, 276, 0, 1151),
(831, 277, 0, 1152),
(832, 277, 0, 1153),
(833, 277, 0, 1154),
(834, 277, 0, 1155),
(835, 278, 0, 1156),
(836, 278, 0, 1157),
(837, 278, 0, 1158),
(838, 278, 0, 1159),
(839, 279, 0, 1160),
(840, 279, 0, 1161),
(841, 279, 0, 1162),
(842, 279, 0, 1163),
(843, 279, 0, 1164),
(844, 280, 0, 1165),
(845, 280, 0, 1166),
(846, 280, 0, 1167),
(847, 281, 0, 1168),
(848, 281, 0, 1169),
(849, 282, 0, 1170),
(850, 282, 0, 1171),
(851, 282, 0, 1172),
(852, 282, 0, 1173),
(853, 282, 0, 1174),
(854, 283, 0, 1175),
(855, 283, 0, 1176),
(856, 284, 0, 1177),
(857, 284, 0, 1178),
(858, 284, 0, 1179),
(859, 285, 0, 1180),
(860, 285, 0, 1181),
(861, 285, 0, 1182),
(862, 285, 0, 1183),
(863, 286, 0, 1184),
(864, 286, 0, 1185),
(865, 287, 0, 1186),
(866, 287, 0, 1187),
(867, 287, 0, 1188),
(868, 287, 0, 1189),
(869, 288, 0, 1190),
(870, 288, 0, 1191),
(871, 288, 0, 1192),
(872, 288, 0, 1193),
(873, 289, 0, 1194),
(874, 289, 0, 1195),
(875, 289, 0, 1196),
(876, 290, 0, 1197),
(877, 290, 0, 1198),
(878, 291, 0, 1199),
(879, 291, 0, 1200),
(880, 292, 0, 1201),
(881, 292, 0, 1202),
(882, 292, 0, 1203),
(883, 292, 0, 1204),
(884, 293, 0, 1205),
(885, 293, 0, 1206),
(886, 293, 0, 1207),
(887, 293, 0, 1208),
(888, 294, 0, 1209),
(889, 294, 0, 1210),
(890, 294, 0, 1211),
(891, 294, 0, 1212),
(892, 294, 0, 1213),
(893, 295, 0, 1214),
(894, 295, 0, 1215),
(895, 295, 0, 1216),
(896, 296, 0, 1220),
(897, 296, 0, 1221),
(898, 296, 0, 1222),
(899, 297, 0, 1223),
(900, 297, 0, 1224),
(901, 297, 0, 1225),
(902, 298, 0, 1226),
(903, 298, 0, 1227),
(904, 298, 0, 1228),
(905, 299, 0, 1229),
(906, 299, 0, 1230),
(907, 300, 0, 1231),
(908, 301, 0, 1232),
(909, 301, 0, 1233),
(910, 302, 0, 1234);

-- --------------------------------------------------------

--
-- Struktur dari tabel `product`
--

CREATE TABLE `product` (
  `id` int NOT NULL,
  `name` varchar(255) DEFAULT NULL,
  `sku` varchar(255) DEFAULT NULL,
  `photo` varchar(255) DEFAULT NULL,
  `purchase_price` int DEFAULT NULL,
  `selling_price` int DEFAULT NULL,
  `created_at` timestamp NULL DEFAULT CURRENT_TIMESTAMP,
  `updated_at` timestamp NULL DEFAULT NULL,
  `category_id` int DEFAULT NULL
) ENGINE=InnoDB DEFAULT CHARSET=utf8 COLLATE=utf8_general_ci;

--
-- Dumping data untuk tabel `product`
--

INSERT INTO `product` (`id`, `name`, `sku`, `photo`, `purchase_price`, `selling_price`, `created_at`, `updated_at`, `category_id`) VALUES
(387, 'N GREEN', '8997023620501', '74fd3a64ebbe32d44c21467a4aa2b46b.png', 110000, 130000, '2023-04-02 20:31:45', '2023-04-15 03:16:12', 1),
(388, 'PEGAGAN HS', '8997023620532', 'e8c24eeb5ebee124d04d1f56776950a6.png', 75000, 90000, '2023-04-02 20:31:45', '2023-04-02 20:31:45', 1),
(389, 'LAURIK', '8997023620419', '0bae717bfaf8347060e321b07db26bc8.jpg', 55000, 65000, '2023-04-02 20:31:45', '2023-04-02 20:31:45', 1),
(390, 'ANDROGRAPHIS', '8997023620235', '79bb7face013484f78170e588e50e332.jpg', 65000, 85000, '2023-04-02 20:31:45', '2023-04-02 20:31:45', 1),
(391, 'BILBERRY', '8997023620259', 'c87b854218309528158e6426601c84fe.jpg', 110000, 150000, '2023-04-02 20:31:45', '2023-04-02 20:31:45', 1),
(392, 'MENGKUDU', '8997023620488', '6e97e3fbc8dc41e763507523c29e50ae.jpg', 60000, 80000, '2023-04-02 20:31:45', '2023-04-02 20:31:45', 1),
(393, 'LANGSINGIN', '8997023620402', 'b12fb005742d263964ab280318e9259e.jpg', 100000, 120000, '2023-04-02 20:31:45', '2023-04-02 20:31:45', 1),
(394, 'BIOSIR', '8997023620266', '11c5801f1c07d2150ff2f2a77919f90f.jpg', 75000, 90000, '2023-04-02 20:31:45', '2023-04-02 20:31:45', 1),
(395, 'MAGAFIT', '8997023620471', '2bebda01f12103a8a33def7b07394eca.jpg', 75000, 90000, '2023-04-02 20:31:45', '2023-04-02 20:31:45', 1),
(396, 'TRUSON', '8997023620631', 'f9dc06562b6faa43b5e75f8fff07aab6.jpg', 90000, 110000, '2023-04-02 20:31:45', '2023-04-02 20:31:45', 1),
(397, 'GINEXTRAC', '8997023620341', '07695a590395c14b5b5255456129e0a6.jpg', 75000, 90000, '2023-04-02 20:31:45', '2023-04-02 20:31:45', 1),
(398, 'DIABEXTRAC', '8997023620310', '8f059814759620b128194beb4ac0014e.jpg', 110000, 130000, '2023-04-02 20:31:45', '2023-04-02 20:31:45', 1),
(399, 'SIENA', '8997023620600', '00b98973c8451be22a62f06826a4f776.jpg', 60000, 75000, '2023-04-02 20:31:45', '2023-04-02 20:31:45', 1),
(400, 'CARNOCAP', '8997023620655', 'aa994bff99ef9ab2b89494e0b3abfb49.jpg', 100000, 120000, '2023-04-02 20:31:45', '2023-04-02 20:31:45', 1),
(401, 'SPIRULINA', '8997023620617', 'e3b0a758b8d953da331e3347323102f7.jpg', 70000, 90000, '2023-04-02 20:31:45', '2023-04-02 20:31:45', 1),
(402, 'HARUMI', '8997023620372', '4847577e2351c01ea2974079f39b1f88.jpg', 55000, 70000, '2023-04-02 20:31:45', '2023-04-02 20:31:45', 1),
(403, 'HABBATUSSAUDA HPAI', '8997023620358', '1721a390aae0f6fc98a7f4b3d7000f14.jpg', 50000, 60000, '2023-04-02 20:31:45', '2023-04-02 20:31:45', 1),
(404, 'GAMAT', '8997023620334', 'd65e6cc0c18a5d07e6246f67f4734ffc.jpg', 100000, 130000, '2023-04-02 20:31:45', '2023-04-02 20:31:45', 1),
(405, 'ROSELLA HS', '8997023622079', '94adaad24534cb3342e44735a6e54db8.jpg', 75000, 90000, '2023-04-02 20:31:45', '2023-04-02 20:31:45', 1),
(406, 'PROCUMIN HABBAT', '8997023620556', '12b3677c60b0c8276e6ff58d2a1d12a0.png', 130000, 160000, '2023-04-02 20:31:45', '2023-04-02 20:31:45', 1),
(407, 'KELOSIN', '8997023622437', '3a97f6e3764d5f7b7ec44a8ceefb5197.jpg', 75000, 90000, '2023-04-02 20:31:45', '2023-04-02 20:31:45', 1),
(408, 'PROCUMIN PROPOLIS', '8997023620563', '9b0d921b080f75f15cc0f3cc158bfa37.png', 140000, 175000, '2023-04-02 20:31:45', '2023-04-02 20:31:45', 1),
(409, 'STIMFIBRE', '8997005810166', '377f4d2d061325013ff8f61a70f2b8a9.jpg', 250000, 350000, '2023-04-02 20:31:45', '2023-04-02 20:31:45', 2),
(410, 'CENTELLA TEH SINERGI', '8997023622031', 'e2d787c91f465a3c7c36827db248aef6.jpg', 55000, 70000, '2023-04-02 20:31:45', '2023-04-02 20:31:45', 2),
(411, 'MUSTIKA DARA', '8997023620495', '1b4b3cc3cac9f0f673731b0d261bd71f.jpg', 170000, 200000, '2023-04-02 20:31:45', '2023-04-02 20:31:45', 1),
(412, 'DEEPSQUA 50', '8997207300083', 'cf57019146f00cd6738778a78b3417ff.jpg', 200000, 250000, '2023-04-02 20:31:45', '2023-04-02 20:31:45', 1),
(413, 'DEEPSQUA 100', '8997207300090', 'cdae8cbfa6e81eb2329fcf5f2135e0ab.jpg', 375000, 460000, '2023-04-02 20:31:45', '2023-04-02 20:31:45', 1),
(414, 'ETTA GOAT MILK', '8997023620662', '58fdc4010055c7b2e8caa2ff7c94c53b.jpg', 60000, 75000, '2023-04-02 20:31:45', '2023-04-02 20:31:45', 2),
(415, 'KOPI 7 ELEMEN ISI 10', '8997023622482', '727569ad8081a921e275cd551011f95f.jpg', 50000, 60000, '2023-04-02 20:31:45', '2023-04-02 20:31:45', 2),
(416, 'KOPI 7 ELEMEN', '8997023621829', '7f12ae57a08a68909dddc8f32c8416bc.jpg', 90000, 110000, '2023-04-02 20:31:45', '2023-04-02 20:31:45', 2),
(417, 'HNI COFFEE', '8997023621980', '4f7bf1e2a0a9b8acdee4cd50da0e7ced.png', 105000, 125000, '2023-04-02 20:31:45', '2023-04-02 20:31:45', 2),
(418, 'FACIAL WASH PARFUME', '8997023622628', 'cccbe04eb30df6aa0dc11c7f9e5751f0.jpg', 25000, 30000, '2023-04-02 20:31:45', '2023-04-02 20:31:45', 3),
(419, 'FACIAL WASH NON PARFUME', '8997023622598', '3aad98848d9245a457ca2b30d5f8abe4.jpg', 25000, 30000, '2023-04-02 20:31:45', '2023-04-02 20:31:45', 3),
(420, 'EXTRA VIRGIN OLIVE OIL', '8997023620327', '1f697d325401ef4ae3bfdfd27e97fdf5.jpg', 30000, 35000, '2023-04-02 20:31:45', '2023-04-02 20:31:45', 2),
(421, 'MINYAK HERBA SINERGI', '8997023620723', 'b9c355b6b2bc40219c86c373e3035558.jpg', 30000, 45000, '2023-04-02 20:31:45', '2023-04-02 20:31:45', 1),
(422, 'EXTRA FOOD', '8997023620679', NULL, 60000, 80000, '2023-04-02 20:31:45', '2023-04-02 20:31:45', 2),
(423, 'SARI KURMA', '8997023620594', 'fbb635e26de3c9b6b3546be919fb82c7.jpg', 55000, 60000, '2023-04-02 20:31:45', '2023-04-02 20:31:45', 2),
(424, 'MADU HABBAT', '8997023620426', '06ebe7631be36ba75d76fa08036d9a5f.jpg', 100000, 130000, '2023-04-02 20:31:45', '2023-04-02 20:31:45', 2),
(425, 'MADU MULTIFLORA', '8997023620457', '5cbf5fd2270e21fb4750a3059cc12d38.jpg', 80000, 100000, '2023-04-02 20:31:45', '2023-04-02 20:31:45', 2),
(426, 'MADU S JAGA', '8997023620716', '9bea9c231b9190c9288381cbaa0e050c.jpg', 100000, 120000, '2023-04-02 20:31:45', '2023-04-02 20:31:45', 2),
(427, 'HNI BODY WASH', '8997023622338', 'cb015a776cc97ec5a6dcf2165aedd1cc.jpg', 35000, 40000, '2023-04-02 20:31:45', '2023-04-02 20:31:45', 3),
(428, 'HNI SHAMPOO', '8997023622321', '92e93254582100983efeaf482d9e7d4b.jpg', 30000, 35000, '2023-04-02 20:31:45', '2023-04-02 20:31:45', 3),
(429, 'BEAUTY DAY CREAM', '8997023621898', '07c56482715f67356c2d797c578210ff.png', 60000, 70000, '2023-04-02 20:31:45', '2023-04-02 20:31:45', 3),
(430, 'BEAUTY NIGHT CREAM', '8997023621904', '439628f3d3dbcbda00071425e32be444.png', 70000, 80000, '2023-04-02 20:31:45', '2023-04-02 20:31:45', 3),
(431, 'SABUN TRANSPARAN KOLAGEN', '8997023620754', '89044906a7708ae59a53efa4ff91817c.jpg', 20000, 25000, '2023-04-02 20:31:45', '2023-04-02 20:31:45', 3),
(432, 'SABUN TRANSPARAN MADU', '8997023620570', 'fc40650f1bf3aae5d2deeaaee1c721ab.jpg', 17000, 20000, '2023-04-02 20:31:45', '2023-04-02 20:31:45', 3),
(433, 'SABUN TRANSPARAN PROPOLIS', '8997023620587', '682be3a17f047f1ba2089bb05e256fb0.jpg', 17000, 20000, '2023-04-02 20:31:45', '2023-04-02 20:31:45', 3),
(434, 'PASTA GIGI HERBAL ANAK RASA TUTTY FRUITY', '8997023622314', NULL, 10000, 13000, '2023-04-02 20:31:45', '2023-04-02 20:31:45', 3),
(435, 'PASTA GIGI HERBAL ANAK RASA ANGGUR', '8997023622307', '3824ddbf94ecb8aade9a4d3eedf91f4d.jpg', 10000, 13000, '2023-04-02 20:31:45', '2023-04-02 20:31:45', 3),
(436, 'PASTA GIGI HERBAL ANAK RASA STRAWBERRY', '8997023622291', '6207365a7cfd36d4502820cd1edeb8c8.jpg', 10000, 13000, '2023-04-02 20:31:45', '2023-04-02 20:31:45', 3),
(437, 'PASTA GIGI HERBAL SIWAK SIRIH MINT', '8997023620525', 'b7b18d2317f0a5c9365b7e34ffae324d.jpg', 17000, 20000, '2023-04-02 20:31:45', '2023-04-02 20:31:45', 3),
(438, 'PASTA GIGI HERBAL CENGKEH', '8997023622277', 'dfeb74a7d940ca882ac9c5e97ce2d7a7.jpg', 17000, 20000, '2023-04-02 20:31:45', '2023-04-02 20:31:45', 3),
(439, 'PASTA GIGI HERBAL SENSITIF', '8997023622284', '43b22af7e32361857c0ce7be5cbcd685.jpg', 20000, 25000, '2023-04-02 20:31:45', '2023-04-02 20:31:45', 3),
(440, 'PASTA GIGI HERBAL PROPOLIS', '899702362260', '6057cb62f0ae871cd3e669d9c419d0e9.jpg', 17000, 20000, '2023-04-02 20:31:45', '2023-04-02 20:31:45', 3),
(441, 'PROMOL12 ECONOMIS', '8997023622048', NULL, 50000, 60000, '2023-04-02 20:31:45', '2023-04-02 20:31:45', 3),
(442, 'PROMOL12 1 KG', '8997023621928', 'bb543979921eefcebb378a19e1270b69.png', 210000, NULL, '2023-04-02 20:31:45', '2023-04-02 20:31:45', 3),
(443, 'SACHETS HIBIS PANTYLINERS', '4712818180138', NULL, 18000, NULL, '2023-04-02 20:31:45', '2023-04-02 20:31:45', 3),
(444, 'SACHETS HIBIS REGULER USE', '4712818180763', NULL, 18000, NULL, '2023-04-02 20:31:45', '2023-04-02 20:31:45', 3),
(445, 'SACHETS HIBIS HEAVY USE', '4712818180770', NULL, 20000, NULL, '2023-04-02 20:31:45', '2023-04-02 20:31:45', 3),
(446, 'STERILYN SANITIZER 100 ML', '8997023622543', '2b37d766a59ef08a1a7c0a55347fb942.jpg', 60000, 75000, '2023-04-02 20:31:45', '2023-04-02 20:31:45', 3),
(447, 'STERILYN ANTISEPTIC 100 ML', '8997023622567', 'fc4a82581e3416087cd3a624747277bd.jpg', 60000, NULL, '2023-04-02 20:31:45', '2023-04-02 20:31:45', 3),
(448, 'STERILYN DISINFECTANT 500 ML', '8997023622581', 'ae7f085f3e53ba1a8f92501dcb36280b.jpg', 90000, NULL, '2023-04-02 20:31:46', '2023-04-02 20:31:46', 3),
(449, 'AL ARD EXTRA VIRGIN OLIVE OIL PALESTINA', '8997023622499', '95c15618b9dab89f0ef9b9d6913d22a3.jpg', 240000, NULL, '2023-04-02 20:31:46', '2023-04-02 20:31:46', 2),
(450, 'HIBIS MIX R/H', '8997023622383', '420ffd4390d10020323ceaf07f462d72.jpg', 185000, NULL, '2023-04-02 20:31:46', '2023-04-02 20:31:46', 3),
(451, 'HIBIS PANTYLINER (BOX)', '8997023622376', 'dbe45fa952696a1f822c9472150e6799.jpg', 180000, NULL, '2023-04-02 20:31:46', '2023-04-02 20:31:46', 3),
(452, 'HIBIS REGULER USE (BOX)', '8997023622369', '4ed719135a18cecb7e459a8f19478e9a.jpg', 180000, NULL, '2023-04-02 20:31:46', '2023-04-02 20:31:46', 3),
(453, 'GREEN WASH DETERGENT', '8997023621867', '51e4bb6f5e9f3130942d9af58c679373.jpg', 36000, 42000, '2023-04-02 20:31:46', '2023-04-02 20:31:46', 3),
(454, 'JANNATEA KOT', '8997023620792', '0b8288d6fe4be303cf9698562de2f550.jpg', 95000, 115000, '2023-04-02 20:31:46', '2023-04-02 20:31:46', 2),
(455, 'DATES SYRUP', '8997023622222', '604edfe95e4b69dd6e1a18b4547afaf0.jpg', 35000, 45000, '2023-04-02 20:31:46', '2023-04-02 20:31:46', 2),
(456, 'MADU PAHIT', '8997023622215', '7b561c9ce11faf206f6080a261873cb8.jpg', 100000, 120000, '2023-04-02 20:31:46', '2023-04-02 20:31:46', 2),
(457, 'QUR\'AN ASY SYIFAA', '8997023622475', NULL, 75000, 90000, '2023-04-02 20:31:46', '2023-04-02 20:31:46', 3),
(458, 'DEEP OLIVE', '8997023622017', NULL, 120000, 150000, '2023-04-02 20:31:46', '2023-04-02 20:31:46', 1),
(459, 'DEEP BEAUTY 30 ML', '8997023620297', NULL, 260000, 360000, '2023-04-02 20:31:46', '2023-04-02 20:31:46', 3),
(460, 'HABBAT SOFTGEL', '8997023622451', NULL, 85000, 95000, '2023-04-02 20:31:46', '2023-04-02 20:31:46', 1),
(461, 'JANNATEA COLD', '8997023620785', NULL, 95000, 115000, '2023-04-02 20:31:46', '2023-04-02 20:31:46', 1),
(462, 'STERILYN SANITIZER 500 ML', '8997023622550', NULL, 90000, 120000, '2023-04-02 20:31:46', '2023-04-02 20:31:46', 3);

-- --------------------------------------------------------

--
-- Struktur dari tabel `setting`
--

CREATE TABLE `setting` (
  `id` int NOT NULL,
  `application_name` varchar(255) NOT NULL,
  `store_name` varchar(255) DEFAULT NULL,
  `phone_number` varchar(25) DEFAULT NULL,
  `logo` varchar(255) DEFAULT NULL,
  `favicon` varchar(255) DEFAULT NULL,
  `email` varchar(255) NOT NULL,
  `address` text CHARACTER SET utf8 COLLATE utf8_general_ci
) ENGINE=InnoDB DEFAULT CHARSET=utf8 COLLATE=utf8_general_ci;

--
-- Dumping data untuk tabel `setting`
--

INSERT INTO `setting` (`id`, `application_name`, `store_name`, `phone_number`, `logo`, `favicon`, `email`, `address`) VALUES
(1, 'Simple Pos', 'Sansan Store', '082119842354', '9SjnmQPdCk1680998184.jpg', 'UdjOkUPmAw1680998184.jpg', 'sansan001106@gmail.com', 'Psr. Yosodipuro No. 845, \r\nPalangka Raya 70746, Kalbar');

-- --------------------------------------------------------

--
-- Struktur dari tabel `stock`
--

CREATE TABLE `stock` (
  `id` int NOT NULL,
  `product_id` int NOT NULL,
  `qty` int DEFAULT NULL,
  `purchase_price` int DEFAULT NULL,
  `selling_price` int DEFAULT NULL,
  `description` text,
  `status` tinyint DEFAULT NULL,
  `created_at` timestamp NULL DEFAULT NULL,
  `updated_at` timestamp NULL DEFAULT NULL
) ENGINE=InnoDB DEFAULT CHARSET=utf8 COLLATE=utf8_general_ci;

--
-- Dumping data untuk tabel `stock`
--

INSERT INTO `stock` (`id`, `product_id`, `qty`, `purchase_price`, `selling_price`, `description`, `status`, `created_at`, `updated_at`) VALUES
(141, 387, 1000, 110000, NULL, 'Initial Stock', 1, '2023-04-06 12:50:28', '2023-04-06 12:50:28'),
(142, 388, 1000, 75000, NULL, 'Initial Stock', 1, '2023-04-06 12:50:28', '2023-04-06 12:50:28'),
(143, 389, 1000, 55000, NULL, 'Initial Stock', 1, '2023-04-06 12:50:28', '2023-04-06 12:50:28'),
(144, 390, 1000, 65000, NULL, 'Initial Stock', 1, '2023-04-06 12:50:28', '2023-04-06 12:50:28'),
(145, 391, 1000, 110000, NULL, 'Initial Stock', 1, '2023-04-06 12:50:28', '2023-04-06 12:50:28'),
(146, 392, 1000, 60000, NULL, 'Initial Stock', 1, '2023-04-06 12:50:28', '2023-04-06 12:50:28'),
(147, 393, 1000, 100000, NULL, 'Initial Stock', 1, '2023-04-06 12:50:28', '2023-04-06 12:50:28'),
(148, 394, 1000, 75000, NULL, 'Initial Stock', 1, '2023-04-06 12:50:28', '2023-04-06 12:50:28'),
(149, 395, 1000, 75000, NULL, 'Initial Stock', 1, '2023-04-06 12:50:28', '2023-04-06 12:50:28'),
(150, 396, 1000, 90000, NULL, 'Initial Stock', 1, '2023-04-06 12:50:28', '2023-04-06 12:50:28'),
(151, 397, 1000, 75000, NULL, 'Initial Stock', 1, '2023-04-06 12:50:28', '2023-04-06 12:50:28'),
(152, 398, 1000, 110000, NULL, 'Initial Stock', 1, '2023-04-06 12:50:28', '2023-04-06 12:50:28'),
(153, 399, 1000, 60000, NULL, 'Initial Stock', 1, '2023-04-06 12:50:28', '2023-04-06 12:50:28'),
(154, 400, 1000, 100000, NULL, 'Initial Stock', 1, '2023-04-06 12:50:28', '2023-04-06 12:50:28'),
(155, 401, 1000, 70000, NULL, 'Initial Stock', 1, '2023-04-06 12:50:28', '2023-04-06 12:50:28'),
(156, 402, 1000, 55000, NULL, 'Initial Stock', 1, '2023-04-06 12:50:28', '2023-04-06 12:50:28'),
(157, 403, 1000, 50000, NULL, 'Initial Stock', 1, '2023-04-06 12:50:28', '2023-04-06 12:50:28'),
(158, 404, 1000, 100000, NULL, 'Initial Stock', 1, '2023-04-06 12:50:28', '2023-04-06 12:50:28'),
(159, 405, 1000, 75000, NULL, 'Initial Stock', 1, '2023-04-06 12:50:28', '2023-04-06 12:50:28'),
(160, 406, 1000, 130000, NULL, 'Initial Stock', 1, '2023-04-06 12:50:28', '2023-04-06 12:50:28'),
(161, 407, 1000, 75000, NULL, 'Initial Stock', 1, '2023-04-06 12:50:28', '2023-04-06 12:50:28'),
(162, 408, 1000, 140000, NULL, 'Initial Stock', 1, '2023-04-06 12:50:28', '2023-04-06 12:50:28'),
(163, 409, 1000, 250000, NULL, 'Initial Stock', 1, '2023-04-06 12:50:28', '2023-04-06 12:50:28'),
(164, 410, 1000, 55000, NULL, 'Initial Stock', 1, '2023-04-06 12:50:28', '2023-04-06 12:50:28'),
(165, 411, 1000, 170000, NULL, 'Initial Stock', 1, '2023-04-06 12:50:28', '2023-04-06 12:50:28'),
(166, 412, 1000, 200000, NULL, 'Initial Stock', 1, '2023-04-06 12:50:28', '2023-04-06 12:50:28'),
(167, 413, 1000, 375000, NULL, 'Initial Stock', 1, '2023-04-06 12:50:28', '2023-04-06 12:50:28'),
(168, 414, 1000, 60000, NULL, 'Initial Stock', 1, '2023-04-06 12:50:28', '2023-04-06 12:50:28'),
(169, 415, 1000, 50000, NULL, 'Initial Stock', 1, '2023-04-06 12:50:28', '2023-04-06 12:50:28'),
(170, 416, 1000, 90000, NULL, 'Initial Stock', 1, '2023-04-06 12:50:28', '2023-04-06 12:50:28'),
(171, 417, 1000, 105000, NULL, 'Initial Stock', 1, '2023-04-06 12:50:28', '2023-04-06 12:50:28'),
(172, 418, 1000, 25000, NULL, 'Initial Stock', 1, '2023-04-06 12:50:28', '2023-04-06 12:50:28'),
(173, 419, 1000, 25000, NULL, 'Initial Stock', 1, '2023-04-06 12:50:28', '2023-04-06 12:50:28'),
(174, 420, 1000, 30000, NULL, 'Initial Stock', 1, '2023-04-06 12:50:28', '2023-04-06 12:50:28'),
(175, 421, 1000, 30000, NULL, 'Initial Stock', 1, '2023-04-06 12:50:28', '2023-04-06 12:50:28'),
(176, 422, 1000, 60000, NULL, 'Initial Stock', 1, '2023-04-06 12:50:28', '2023-04-06 12:50:28'),
(177, 423, 1000, 55000, NULL, 'Initial Stock', 1, '2023-04-06 12:50:28', '2023-04-06 12:50:28'),
(178, 424, 1000, 100000, NULL, 'Initial Stock', 1, '2023-04-06 12:50:28', '2023-04-06 12:50:28'),
(179, 425, 1000, 80000, NULL, 'Initial Stock', 1, '2023-04-06 12:50:28', '2023-04-06 12:50:28'),
(180, 426, 1000, 100000, NULL, 'Initial Stock', 1, '2023-04-06 12:50:28', '2023-04-06 12:50:28'),
(181, 427, 1000, 35000, NULL, 'Initial Stock', 1, '2023-04-06 12:50:28', '2023-04-06 12:50:28'),
(182, 428, 1000, 30000, NULL, 'Initial Stock', 1, '2023-04-06 12:50:28', '2023-04-06 12:50:28'),
(183, 429, 1000, 60000, NULL, 'Initial Stock', 1, '2023-04-06 12:50:28', '2023-04-06 12:50:28'),
(184, 430, 1000, 70000, NULL, 'Initial Stock', 1, '2023-04-06 12:50:28', '2023-04-06 12:50:28'),
(185, 431, 1000, 20000, NULL, 'Initial Stock', 1, '2023-04-06 12:50:28', '2023-04-06 12:50:28'),
(186, 432, 1000, 17000, NULL, 'Initial Stock', 1, '2023-04-06 12:50:28', '2023-04-06 12:50:28'),
(187, 433, 1000, 17000, NULL, 'Initial Stock', 1, '2023-04-06 12:50:28', '2023-04-06 12:50:28'),
(188, 434, 1000, 10000, NULL, 'Initial Stock', 1, '2023-04-06 12:50:28', '2023-04-06 12:50:28'),
(189, 435, 1000, 10000, NULL, 'Initial Stock', 1, '2023-04-06 12:50:28', '2023-04-06 12:50:28'),
(190, 436, 1000, 10000, NULL, 'Initial Stock', 1, '2023-04-06 12:50:28', '2023-04-06 12:50:28'),
(191, 437, 1000, 17000, NULL, 'Initial Stock', 1, '2023-04-06 12:50:28', '2023-04-06 12:50:28'),
(192, 438, 1000, 17000, NULL, 'Initial Stock', 1, '2023-04-06 12:50:28', '2023-04-06 12:50:28'),
(193, 439, 1000, 20000, NULL, 'Initial Stock', 1, '2023-04-06 12:50:28', '2023-04-06 12:50:28'),
(194, 440, 1000, 17000, NULL, 'Initial Stock', 1, '2023-04-06 12:50:28', '2023-04-06 12:50:28'),
(195, 441, 1000, 50000, NULL, 'Initial Stock', 1, '2023-04-06 12:50:28', '2023-04-06 12:50:28'),
(196, 442, 1000, 210000, NULL, 'Initial Stock', 1, '2023-04-06 12:50:28', '2023-04-06 12:50:28'),
(197, 443, 1000, 18000, NULL, 'Initial Stock', 1, '2023-04-06 12:50:28', '2023-04-06 12:50:28'),
(198, 444, 1000, 18000, NULL, 'Initial Stock', 1, '2023-04-06 12:50:28', '2023-04-06 12:50:28'),
(199, 445, 1000, 20000, NULL, 'Initial Stock', 1, '2023-04-06 12:50:28', '2023-04-06 12:50:28'),
(200, 446, 1000, 60000, NULL, 'Initial Stock', 1, '2023-04-06 12:50:28', '2023-04-06 12:50:28'),
(201, 447, 1000, 60000, NULL, 'Initial Stock', 1, '2023-04-06 12:50:28', '2023-04-06 12:50:28'),
(202, 448, 1000, 90000, NULL, 'Initial Stock', 1, '2023-04-06 12:50:28', '2023-04-06 12:50:28'),
(203, 449, 1000, 240000, NULL, 'Initial Stock', 1, '2023-04-06 12:50:28', '2023-04-06 12:50:28'),
(204, 450, 1000, 185000, NULL, 'Initial Stock', 1, '2023-04-06 12:50:28', '2023-04-06 12:50:28'),
(205, 451, 1000, 180000, NULL, 'Initial Stock', 1, '2023-04-06 12:50:28', '2023-04-06 12:50:28'),
(206, 452, 1000, 180000, NULL, 'Initial Stock', 1, '2023-04-06 12:50:28', '2023-04-06 12:50:28'),
(207, 453, 1000, 36000, NULL, 'Initial Stock', 1, '2023-04-06 12:50:28', '2023-04-06 12:50:28'),
(208, 454, 1000, 95000, NULL, 'Initial Stock', 1, '2023-04-06 12:50:28', '2023-04-06 12:50:28'),
(209, 455, 1000, 35000, NULL, 'Initial Stock', 1, '2023-04-06 12:50:28', '2023-04-06 12:50:28'),
(210, 456, 1000, 100000, NULL, 'Initial Stock', 1, '2023-04-06 12:50:28', '2023-04-06 12:50:28'),
(211, 457, 1000, 75000, NULL, 'Initial Stock', 1, '2023-04-06 12:50:28', '2023-04-06 12:50:28'),
(212, 458, 1000, 120000, NULL, 'Initial Stock', 1, '2023-04-06 12:50:28', '2023-04-06 12:50:28'),
(213, 459, 1000, 260000, NULL, 'Initial Stock', 1, '2023-04-06 12:50:28', '2023-04-06 12:50:28'),
(214, 460, 1000, 85000, NULL, 'Initial Stock', 1, '2023-04-06 12:50:28', '2023-04-06 12:50:28'),
(215, 461, 1000, 95000, NULL, 'Initial Stock', 1, '2023-04-06 12:50:28', '2023-04-06 12:50:28'),
(216, 462, 1000, 90000, NULL, 'Initial Stock', 1, '2023-04-06 12:50:28', '2023-04-06 12:50:28'),
(254, 387, 100, 115000, NULL, 'Stock In', 1, '2023-04-09 03:24:30', '2023-04-09 03:24:30'),
(561, 388, 4, 75000, 90000, 'Order', 0, '2023-04-09 06:36:30', '2023-04-09 06:36:30'),
(562, 398, 5, 110000, 130000, 'Order', 0, '2023-04-09 06:36:30', '2023-04-09 06:36:30'),
(563, 410, 3, 55000, 70000, 'Order', 0, '2023-04-09 06:36:30', '2023-04-09 06:36:30'),
(564, 422, 5, 60000, 80000, 'Order', 0, '2023-04-09 06:36:30', '2023-04-09 06:36:30'),
(565, 458, 3, 120000, 150000, 'Order', 0, '2023-04-09 06:36:30', '2023-04-09 06:36:30'),
(566, 392, 4, 60000, 80000, 'Order', 0, '2023-04-09 06:36:30', '2023-04-09 06:36:30'),
(567, 432, 5, 17000, 20000, 'Order', 0, '2023-04-09 06:36:30', '2023-04-09 06:36:30'),
(568, 433, 2, 17000, 20000, 'Order', 0, '2023-04-09 06:36:30', '2023-04-09 06:36:30'),
(569, 402, 5, 55000, 70000, 'Order', 0, '2023-04-09 06:36:30', '2023-04-09 06:36:30'),
(570, 427, 2, 35000, 40000, 'Order', 0, '2023-04-09 06:36:30', '2023-04-09 06:36:30'),
(571, 413, 5, 375000, 460000, 'Order', 0, '2023-04-09 06:36:30', '2023-04-09 06:36:30'),
(572, 419, 2, 25000, 30000, 'Order', 0, '2023-04-09 06:36:30', '2023-04-09 06:36:30'),
(573, 430, 3, 70000, 80000, 'Order', 0, '2023-04-09 06:36:30', '2023-04-09 06:36:30'),
(574, 436, 1, 10000, 13000, 'Order', 0, '2023-04-09 06:36:30', '2023-04-09 06:36:30'),
(575, 454, 1, 95000, 115000, 'Order', 0, '2023-04-09 06:36:30', '2023-04-09 06:36:30'),
(576, 397, 1, 75000, 90000, 'Order', 0, '2023-04-09 06:36:30', '2023-04-09 06:36:30'),
(577, 400, 1, 100000, 120000, 'Order', 0, '2023-04-09 06:36:30', '2023-04-09 06:36:30'),
(578, 408, 1, 140000, 175000, 'Order', 0, '2023-04-09 06:36:30', '2023-04-09 06:36:30'),
(579, 409, 4, 250000, 350000, 'Order', 0, '2023-04-09 06:36:30', '2023-04-09 06:36:30'),
(580, 429, 4, 60000, 70000, 'Order', 0, '2023-04-09 06:36:30', '2023-04-09 06:36:30'),
(581, 394, 4, 75000, 90000, 'Order', 0, '2023-04-09 06:36:30', '2023-04-09 06:36:30'),
(582, 395, 2, 75000, 90000, 'Order', 0, '2023-04-09 06:36:30', '2023-04-09 06:36:30'),
(583, 417, 4, 105000, 125000, 'Order', 0, '2023-04-09 06:36:30', '2023-04-09 06:36:30'),
(584, 422, 2, 60000, 80000, 'Order', 0, '2023-04-09 06:36:30', '2023-04-09 06:36:30'),
(585, 387, 4, 110455, 130000, 'Order', 0, '2023-04-09 06:36:30', '2023-04-09 06:36:30'),
(586, 422, 1, 60000, 80000, 'Order', 0, '2023-04-09 06:36:30', '2023-04-09 06:36:30'),
(587, 425, 5, 80000, 100000, 'Order', 0, '2023-04-09 06:36:30', '2023-04-09 06:36:30'),
(588, 430, 1, 70000, 80000, 'Order', 0, '2023-04-09 06:36:30', '2023-04-09 06:36:30'),
(589, 414, 2, 60000, 75000, 'Order', 0, '2023-04-09 06:36:30', '2023-04-09 06:36:30'),
(590, 422, 3, 60000, 80000, 'Order', 0, '2023-04-09 06:36:30', '2023-04-09 06:36:30'),
(591, 387, 1, 110455, 130000, 'Order', 0, '2023-04-09 06:36:30', '2023-04-09 06:36:30'),
(592, 428, 5, 30000, 35000, 'Order', 0, '2023-04-09 06:36:30', '2023-04-09 06:36:30'),
(593, 431, 2, 20000, 25000, 'Order', 0, '2023-04-09 06:36:30', '2023-04-09 06:36:30'),
(594, 438, 2, 17000, 20000, 'Order', 0, '2023-04-09 06:36:30', '2023-04-09 06:36:30'),
(595, 412, 1, 200000, 250000, 'Order', 0, '2023-04-09 06:36:30', '2023-04-09 06:36:30'),
(596, 437, 2, 17000, 20000, 'Order', 0, '2023-04-09 06:36:30', '2023-04-09 06:36:30'),
(597, 457, 2, 75000, 90000, 'Order', 0, '2023-04-09 06:36:30', '2023-04-09 06:36:30'),
(598, 430, 4, 70000, 80000, 'Order', 0, '2023-04-09 06:36:30', '2023-04-09 06:36:30'),
(599, 432, 1, 17000, 20000, 'Order', 0, '2023-04-09 06:36:30', '2023-04-09 06:36:30'),
(600, 387, 2, 110455, 130000, 'Order', 0, '2023-04-09 06:36:30', '2023-04-09 06:36:30'),
(601, 389, 4, 55000, 65000, 'Order', 0, '2023-04-09 06:36:30', '2023-04-09 06:36:30'),
(602, 399, 2, 60000, 75000, 'Order', 0, '2023-04-09 06:36:30', '2023-04-09 06:36:30'),
(603, 422, 2, 60000, 80000, 'Order', 0, '2023-04-09 06:36:30', '2023-04-09 06:36:30'),
(604, 458, 4, 120000, 150000, 'Order', 0, '2023-04-09 06:36:30', '2023-04-09 06:36:30'),
(605, 459, 1, 260000, 360000, 'Order', 0, '2023-04-09 06:36:30', '2023-04-09 06:36:30'),
(606, 422, 1, 60000, 80000, 'Order', 0, '2023-04-09 06:36:30', '2023-04-09 06:36:30'),
(607, 441, 4, 50000, 60000, 'Order', 0, '2023-04-09 06:36:30', '2023-04-09 06:36:30'),
(608, 388, 5, 75000, 90000, 'Order', 0, '2023-04-09 06:36:30', '2023-04-09 06:36:30'),
(609, 409, 5, 250000, 350000, 'Order', 0, '2023-04-09 06:36:30', '2023-04-09 06:36:30'),
(610, 422, 5, 60000, 80000, 'Order', 0, '2023-04-09 06:36:30', '2023-04-09 06:36:30'),
(611, 438, 3, 17000, 20000, 'Order', 0, '2023-04-09 06:36:30', '2023-04-09 06:36:30'),
(612, 454, 3, 95000, 115000, 'Order', 0, '2023-04-09 06:36:30', '2023-04-09 06:36:30'),
(613, 436, 5, 10000, 13000, 'Order', 0, '2023-04-09 06:36:30', '2023-04-09 06:36:30'),
(614, 441, 3, 50000, 60000, 'Order', 0, '2023-04-09 06:36:30', '2023-04-09 06:36:30'),
(615, 409, 2, 250000, 350000, 'Order', 0, '2023-04-09 06:36:30', '2023-04-09 06:36:30'),
(616, 410, 2, 55000, 70000, 'Order', 0, '2023-04-09 06:36:30', '2023-04-09 06:36:30'),
(617, 406, 5, 130000, 160000, 'Order', 0, '2023-04-09 06:36:30', '2023-04-09 06:36:30'),
(618, 423, 1, 55000, 60000, 'Order', 0, '2023-04-09 06:36:30', '2023-04-09 06:36:30'),
(619, 427, 4, 35000, 40000, 'Order', 0, '2023-04-09 06:36:30', '2023-04-09 06:36:30'),
(620, 460, 4, 85000, 95000, 'Order', 0, '2023-04-09 06:36:30', '2023-04-09 06:36:30'),
(621, 424, 3, 100000, 130000, 'Order', 0, '2023-04-09 06:36:30', '2023-04-09 06:36:30'),
(622, 446, 2, 60000, 75000, 'Order', 0, '2023-04-09 06:36:30', '2023-04-09 06:36:30'),
(623, 454, 3, 95000, 115000, 'Order', 0, '2023-04-09 06:36:30', '2023-04-09 06:36:30'),
(624, 460, 5, 85000, 95000, 'Order', 0, '2023-04-09 06:36:30', '2023-04-09 06:36:30'),
(625, 391, 2, 110000, 150000, 'Order', 0, '2023-04-09 06:36:30', '2023-04-09 06:36:30'),
(626, 418, 2, 25000, 30000, 'Order', 0, '2023-04-09 06:36:30', '2023-04-09 06:36:30'),
(627, 457, 2, 75000, 90000, 'Order', 0, '2023-04-09 06:36:30', '2023-04-09 06:36:30'),
(628, 462, 2, 90000, 120000, 'Order', 0, '2023-04-09 06:36:30', '2023-04-09 06:36:30'),
(629, 432, 2, 17000, 20000, 'Order', 0, '2023-04-09 06:36:30', '2023-04-09 06:36:30'),
(630, 455, 4, 35000, 45000, 'Order', 0, '2023-04-09 06:36:30', '2023-04-09 06:36:30'),
(631, 387, 2, 110455, 130000, 'Order', 0, '2023-04-09 06:36:30', '2023-04-09 06:36:30'),
(632, 388, 1, 75000, 90000, 'Order', 0, '2023-04-09 06:36:30', '2023-04-09 06:36:30'),
(633, 395, 1, 75000, 90000, 'Order', 0, '2023-04-09 06:36:30', '2023-04-09 06:36:30'),
(634, 441, 2, 50000, 60000, 'Order', 0, '2023-04-09 06:36:30', '2023-04-09 06:36:30'),
(635, 462, 1, 90000, 120000, 'Order', 0, '2023-04-09 06:36:30', '2023-04-09 06:36:30'),
(636, 418, 5, 25000, 30000, 'Order', 0, '2023-04-09 06:36:30', '2023-04-09 06:36:30'),
(637, 441, 1, 50000, 60000, 'Order', 0, '2023-04-09 06:36:30', '2023-04-09 06:36:30'),
(638, 459, 2, 260000, 360000, 'Order', 0, '2023-04-09 06:36:30', '2023-04-09 06:36:30'),
(639, 387, 4, 110455, 130000, 'Order', 0, '2023-04-09 06:36:30', '2023-04-09 06:36:30'),
(640, 407, 1, 75000, 90000, 'Order', 0, '2023-04-09 06:36:30', '2023-04-09 06:36:30'),
(641, 409, 4, 250000, 350000, 'Order', 0, '2023-04-09 06:36:30', '2023-04-09 06:36:30'),
(642, 423, 4, 55000, 60000, 'Order', 0, '2023-04-09 06:36:30', '2023-04-09 06:36:30'),
(643, 453, 5, 36000, 42000, 'Order', 0, '2023-04-09 06:36:30', '2023-04-09 06:36:30'),
(644, 395, 1, 75000, 90000, 'Order', 0, '2023-04-09 06:36:30', '2023-04-09 06:36:30'),
(645, 401, 2, 70000, 90000, 'Order', 0, '2023-04-09 06:36:30', '2023-04-09 06:36:30'),
(646, 403, 3, 50000, 60000, 'Order', 0, '2023-04-09 06:36:30', '2023-04-09 06:36:30'),
(647, 421, 2, 30000, 45000, 'Order', 0, '2023-04-09 06:36:30', '2023-04-09 06:36:30'),
(648, 396, 4, 90000, 110000, 'Order', 0, '2023-04-09 06:36:30', '2023-04-09 06:36:30'),
(649, 398, 1, 110000, 130000, 'Order', 0, '2023-04-09 06:36:30', '2023-04-09 06:36:30'),
(650, 421, 3, 30000, 45000, 'Order', 0, '2023-04-09 06:36:30', '2023-04-09 06:36:30'),
(651, 424, 5, 100000, 130000, 'Order', 0, '2023-04-09 06:36:30', '2023-04-09 06:36:30'),
(652, 437, 5, 17000, 20000, 'Order', 0, '2023-04-09 06:36:30', '2023-04-09 06:36:30'),
(653, 412, 4, 200000, 250000, 'Order', 0, '2023-04-09 06:36:30', '2023-04-09 06:36:30'),
(654, 435, 1, 10000, 13000, 'Order', 0, '2023-04-09 06:36:30', '2023-04-09 06:36:30'),
(655, 408, 2, 140000, 175000, 'Order', 0, '2023-04-09 06:36:30', '2023-04-09 06:36:30'),
(656, 419, 2, 25000, 30000, 'Order', 0, '2023-04-09 06:36:30', '2023-04-09 06:36:30'),
(657, 420, 3, 30000, 35000, 'Order', 0, '2023-04-09 06:36:30', '2023-04-09 06:36:30'),
(658, 390, 2, 65000, 85000, 'Order', 0, '2023-04-09 06:36:30', '2023-04-09 06:36:30'),
(659, 415, 2, 50000, 60000, 'Order', 0, '2023-04-09 06:36:30', '2023-04-09 06:36:30'),
(660, 459, 4, 260000, 360000, 'Order', 0, '2023-04-09 06:36:30', '2023-04-09 06:36:30'),
(661, 410, 2, 54725, 70000, 'Order', 0, '2023-04-09 06:37:29', '2023-04-09 06:37:29'),
(662, 437, 5, 16881, 20000, 'Order', 0, '2023-04-09 06:37:29', '2023-04-09 06:37:29'),
(663, 453, 3, 35820, 42000, 'Order', 0, '2023-04-09 06:37:29', '2023-04-09 06:37:29'),
(664, 387, 2, 109149, 130000, 'Order', 0, '2023-04-09 06:37:29', '2023-04-09 06:37:29'),
(665, 401, 3, 69860, 90000, 'Order', 0, '2023-04-09 06:37:29', '2023-04-09 06:37:29'),
(666, 413, 5, 373125, 460000, 'Order', 0, '2023-04-09 06:37:29', '2023-04-09 06:37:29'),
(667, 399, 2, 59880, 75000, 'Order', 0, '2023-04-09 06:37:29', '2023-04-09 06:37:29'),
(668, 415, 3, 49900, 60000, 'Order', 0, '2023-04-09 06:37:29', '2023-04-09 06:37:29'),
(669, 446, 1, 59880, 75000, 'Order', 0, '2023-04-09 06:37:29', '2023-04-09 06:37:29'),
(670, 399, 1, 59880, 75000, 'Order', 0, '2023-04-09 06:37:29', '2023-04-09 06:37:29'),
(671, 400, 2, 99900, 120000, 'Order', 0, '2023-04-09 06:37:29', '2023-04-09 06:37:29'),
(672, 422, 5, 58860, 80000, 'Order', 0, '2023-04-09 06:37:29', '2023-04-09 06:37:29'),
(673, 453, 5, 35820, 42000, 'Order', 0, '2023-04-09 06:37:29', '2023-04-09 06:37:29'),
(674, 398, 5, 109340, 130000, 'Order', 0, '2023-04-09 06:37:29', '2023-04-09 06:37:29'),
(675, 429, 1, 59760, 70000, 'Order', 0, '2023-04-09 06:37:29', '2023-04-09 06:37:29'),
(676, 434, 5, 10000, 13000, 'Order', 0, '2023-04-09 06:37:29', '2023-04-09 06:37:29'),
(677, 392, 5, 59760, 80000, 'Order', 0, '2023-04-09 06:37:29', '2023-04-09 06:37:29'),
(678, 424, 1, 99200, 130000, 'Order', 0, '2023-04-09 06:37:29', '2023-04-09 06:37:29'),
(679, 396, 4, 89640, 110000, 'Order', 0, '2023-04-09 06:37:29', '2023-04-09 06:37:29'),
(680, 440, 2, 17000, 20000, 'Order', 0, '2023-04-09 06:37:29', '2023-04-09 06:37:29'),
(681, 455, 5, 34860, 45000, 'Order', 0, '2023-04-09 06:37:29', '2023-04-09 06:37:29'),
(682, 407, 2, 74925, 90000, 'Order', 0, '2023-04-09 06:37:29', '2023-04-09 06:37:29'),
(683, 412, 4, 199000, 250000, 'Order', 0, '2023-04-09 06:37:29', '2023-04-09 06:37:29'),
(684, 417, 3, 104580, 125000, 'Order', 0, '2023-04-09 06:37:29', '2023-04-09 06:37:29'),
(685, 441, 5, 49500, 60000, 'Order', 0, '2023-04-09 06:37:29', '2023-04-09 06:37:29'),
(686, 462, 3, 89730, 120000, 'Order', 0, '2023-04-09 06:37:29', '2023-04-09 06:37:29'),
(687, 428, 2, 29850, 35000, 'Order', 0, '2023-04-09 06:37:29', '2023-04-09 06:37:29'),
(688, 430, 2, 69440, 80000, 'Order', 0, '2023-04-09 06:37:29', '2023-04-09 06:37:29'),
(689, 457, 4, 74700, 90000, 'Order', 0, '2023-04-09 06:37:29', '2023-04-09 06:37:29'),
(690, 461, 4, 95000, 115000, 'Order', 0, '2023-04-09 06:37:29', '2023-04-09 06:37:29'),
(691, 393, 1, 100000, 120000, 'Order', 0, '2023-04-09 06:37:29', '2023-04-09 06:37:29'),
(692, 419, 2, 24900, 30000, 'Order', 0, '2023-04-09 06:37:29', '2023-04-09 06:37:29'),
(693, 420, 1, 29910, 35000, 'Order', 0, '2023-04-09 06:37:29', '2023-04-09 06:37:29'),
(694, 411, 4, 170000, 200000, 'Order', 0, '2023-04-09 06:37:29', '2023-04-09 06:37:29'),
(695, 433, 4, 16966, 20000, 'Order', 0, '2023-04-09 06:37:29', '2023-04-09 06:37:29'),
(696, 437, 1, 16881, 20000, 'Order', 0, '2023-04-09 06:37:29', '2023-04-09 06:37:29'),
(697, 440, 1, 17000, 20000, 'Order', 0, '2023-04-09 06:37:29', '2023-04-09 06:37:29'),
(698, 457, 5, 74700, 90000, 'Order', 0, '2023-04-09 06:37:29', '2023-04-09 06:37:29'),
(699, 388, 3, 74250, 90000, 'Order', 0, '2023-04-09 06:37:29', '2023-04-09 06:37:29'),
(700, 418, 5, 24825, 30000, 'Order', 0, '2023-04-09 06:37:29', '2023-04-09 06:37:29'),
(701, 437, 3, 16881, 20000, 'Order', 0, '2023-04-09 06:37:29', '2023-04-09 06:37:29'),
(702, 440, 5, 17000, 20000, 'Order', 0, '2023-04-09 06:37:29', '2023-04-09 06:37:29'),
(703, 388, 2, 74250, 90000, 'Order', 0, '2023-04-09 06:37:29', '2023-04-09 06:37:29'),
(704, 390, 4, 64870, 85000, 'Order', 0, '2023-04-09 06:37:29', '2023-04-09 06:37:29'),
(705, 401, 4, 69860, 90000, 'Order', 0, '2023-04-09 06:37:29', '2023-04-09 06:37:29'),
(706, 409, 5, 246250, 350000, 'Order', 0, '2023-04-09 06:37:29', '2023-04-09 06:37:29'),
(707, 412, 1, 199000, 250000, 'Order', 0, '2023-04-09 06:37:29', '2023-04-09 06:37:29'),
(708, 411, 3, 170000, 200000, 'Order', 0, '2023-04-09 06:37:29', '2023-04-09 06:37:29'),
(709, 424, 5, 99200, 130000, 'Order', 0, '2023-04-09 06:37:29', '2023-04-09 06:37:29'),
(710, 434, 3, 10000, 13000, 'Order', 0, '2023-04-09 06:37:29', '2023-04-09 06:37:29'),
(711, 387, 4, 109149, 130000, 'Order', 0, '2023-04-09 06:37:29', '2023-04-09 06:37:29'),
(712, 397, 2, 74925, 90000, 'Order', 0, '2023-04-09 06:37:29', '2023-04-09 06:37:29'),
(713, 419, 5, 24900, 30000, 'Order', 0, '2023-04-09 06:37:29', '2023-04-09 06:37:29'),
(714, 446, 2, 59880, 75000, 'Order', 0, '2023-04-09 06:37:29', '2023-04-09 06:37:29'),
(715, 404, 3, 100000, 130000, 'Order', 0, '2023-04-09 06:37:29', '2023-04-09 06:37:29'),
(716, 415, 3, 49900, 60000, 'Order', 0, '2023-04-09 06:37:29', '2023-04-09 06:37:29'),
(717, 422, 5, 58860, 80000, 'Order', 0, '2023-04-09 06:37:29', '2023-04-09 06:37:29'),
(718, 433, 3, 16966, 20000, 'Order', 0, '2023-04-09 06:37:29', '2023-04-09 06:37:29'),
(719, 438, 3, 16915, 20000, 'Order', 0, '2023-04-09 06:37:29', '2023-04-09 06:37:29'),
(720, 393, 1, 100000, 120000, 'Order', 0, '2023-04-09 06:37:29', '2023-04-09 06:37:29'),
(721, 400, 1, 99900, 120000, 'Order', 0, '2023-04-09 06:37:29', '2023-04-09 06:37:29'),
(722, 408, 5, 139580, 175000, 'Order', 0, '2023-04-09 06:37:29', '2023-04-09 06:37:29'),
(723, 436, 5, 9940, 13000, 'Order', 0, '2023-04-09 06:37:29', '2023-04-09 06:37:29'),
(724, 438, 3, 16915, 20000, 'Order', 0, '2023-04-09 06:37:29', '2023-04-09 06:37:29'),
(725, 426, 3, 100000, 120000, 'Order', 0, '2023-04-09 06:37:29', '2023-04-09 06:37:29'),
(726, 428, 2, 29850, 35000, 'Order', 0, '2023-04-09 06:37:29', '2023-04-09 06:37:29'),
(727, 429, 5, 59760, 70000, 'Order', 0, '2023-04-09 06:37:29', '2023-04-09 06:37:29'),
(728, 460, 4, 84235, 95000, 'Order', 0, '2023-04-09 06:37:29', '2023-04-09 06:37:29'),
(729, 462, 2, 89730, 120000, 'Order', 0, '2023-04-09 06:37:29', '2023-04-09 06:37:29'),
(730, 408, 3, 139580, 175000, 'Order', 0, '2023-04-09 06:37:29', '2023-04-09 06:37:29'),
(731, 411, 5, 170000, 200000, 'Order', 0, '2023-04-09 06:37:29', '2023-04-09 06:37:29'),
(732, 436, 5, 9940, 13000, 'Order', 0, '2023-04-09 06:37:29', '2023-04-09 06:37:29'),
(733, 410, 2, 54725, 70000, 'Order', 0, '2023-04-09 06:37:29', '2023-04-09 06:37:29'),
(734, 424, 2, 99200, 130000, 'Order', 0, '2023-04-09 06:37:29', '2023-04-09 06:37:29'),
(735, 427, 5, 34790, 40000, 'Order', 0, '2023-04-09 06:37:29', '2023-04-09 06:37:29'),
(736, 441, 2, 49500, 60000, 'Order', 0, '2023-04-09 06:37:29', '2023-04-09 06:37:29'),
(737, 397, 4, 74925, 90000, 'Order', 0, '2023-04-09 06:37:29', '2023-04-09 06:37:29'),
(738, 427, 2, 34790, 40000, 'Order', 0, '2023-04-09 06:37:29', '2023-04-09 06:37:29'),
(739, 394, 5, 74700, 90000, 'Order', 0, '2023-04-09 06:37:29', '2023-04-09 06:37:29'),
(740, 459, 5, 258180, 360000, 'Order', 0, '2023-04-09 06:37:29', '2023-04-09 06:37:29'),
(741, 396, 1, 89640, 110000, 'Order', 0, '2023-04-09 06:37:29', '2023-04-09 06:37:29'),
(742, 409, 4, 246250, 350000, 'Order', 0, '2023-04-09 06:37:29', '2023-04-09 06:37:29'),
(743, 418, 1, 24825, 30000, 'Order', 0, '2023-04-09 06:37:29', '2023-04-09 06:37:29'),
(744, 457, 1, 74700, 90000, 'Order', 0, '2023-04-09 06:37:29', '2023-04-09 06:37:29'),
(745, 389, 1, 54780, 65000, 'Order', 0, '2023-04-09 06:37:29', '2023-04-09 06:37:29'),
(746, 395, 5, 74700, 90000, 'Order', 0, '2023-04-09 06:37:29', '2023-04-09 06:37:29'),
(747, 400, 2, 99900, 120000, 'Order', 0, '2023-04-09 06:37:29', '2023-04-09 06:37:29'),
(748, 430, 2, 69440, 80000, 'Order', 0, '2023-04-09 06:37:29', '2023-04-09 06:37:29'),
(749, 456, 4, 100000, 120000, 'Order', 0, '2023-04-09 06:37:29', '2023-04-09 06:37:29'),
(750, 397, 1, 74925, 90000, 'Order', 0, '2023-04-09 06:37:29', '2023-04-09 06:37:29'),
(751, 404, 5, 100000, 130000, 'Order', 0, '2023-04-09 06:37:29', '2023-04-09 06:37:29'),
(752, 418, 2, 24825, 30000, 'Order', 0, '2023-04-09 06:37:29', '2023-04-09 06:37:29'),
(753, 436, 4, 9940, 13000, 'Order', 0, '2023-04-09 06:37:29', '2023-04-09 06:37:29'),
(754, 401, 4, 69860, 90000, 'Order', 0, '2023-04-09 06:37:29', '2023-04-09 06:37:29'),
(755, 410, 3, 54725, 70000, 'Order', 0, '2023-04-09 06:37:29', '2023-04-09 06:37:29'),
(756, 429, 4, 59760, 70000, 'Order', 0, '2023-04-09 06:37:29', '2023-04-09 06:37:29'),
(757, 388, 3, 74250, 90000, 'Order', 0, '2023-04-09 06:37:29', '2023-04-09 06:37:29'),
(758, 397, 2, 74925, 90000, 'Order', 0, '2023-04-09 06:37:29', '2023-04-09 06:37:29'),
(759, 418, 1, 24825, 30000, 'Order', 0, '2023-04-09 06:37:29', '2023-04-09 06:37:29'),
(760, 435, 3, 9990, 13000, 'Order', 0, '2023-04-09 06:37:29', '2023-04-09 06:37:29'),
(761, 411, 1, 170000, 200000, 'Order', 0, '2023-04-09 06:37:29', '2023-04-09 06:37:29'),
(762, 435, 3, 9990, 13000, 'Order', 0, '2023-04-09 06:37:29', '2023-04-09 06:37:29'),
(763, 453, 1, 35820, 42000, 'Order', 0, '2023-04-09 06:37:29', '2023-04-09 06:37:29'),
(764, 457, 3, 74700, 90000, 'Order', 0, '2023-04-09 06:37:29', '2023-04-09 06:37:29'),
(765, 391, 2, 109780, 150000, 'Order', 0, '2023-04-09 06:38:20', '2023-04-09 06:38:20'),
(766, 407, 5, 74775, 90000, 'Order', 0, '2023-04-09 06:38:20', '2023-04-09 06:38:20'),
(767, 418, 4, 24602, 30000, 'Order', 0, '2023-04-09 06:38:20', '2023-04-09 06:38:20'),
(768, 441, 3, 49154, 60000, 'Order', 0, '2023-04-09 06:38:20', '2023-04-09 06:38:20'),
(769, 460, 4, 83898, 95000, 'Order', 0, '2023-04-09 06:38:20', '2023-04-09 06:38:20'),
(770, 461, 3, 94620, 115000, 'Order', 0, '2023-04-09 06:38:20', '2023-04-09 06:38:20'),
(771, 421, 5, 29850, 45000, 'Order', 0, '2023-04-09 06:38:20', '2023-04-09 06:38:20'),
(772, 424, 5, 98406, 130000, 'Order', 0, '2023-04-09 06:38:20', '2023-04-09 06:38:20'),
(773, 453, 4, 35498, 42000, 'Order', 0, '2023-04-09 06:38:20', '2023-04-09 06:38:20'),
(774, 462, 2, 89281, 120000, 'Order', 0, '2023-04-09 06:38:20', '2023-04-09 06:38:20'),
(775, 433, 5, 16847, 20000, 'Order', 0, '2023-04-09 06:38:20', '2023-04-09 06:38:20'),
(776, 438, 2, 16814, 20000, 'Order', 0, '2023-04-09 06:38:20', '2023-04-09 06:38:20'),
(777, 458, 3, 119160, 150000, 'Order', 0, '2023-04-09 06:38:20', '2023-04-09 06:38:20'),
(778, 388, 1, 73656, 90000, 'Order', 0, '2023-04-09 06:38:20', '2023-04-09 06:38:20'),
(779, 389, 5, 54725, 65000, 'Order', 0, '2023-04-09 06:38:20', '2023-04-09 06:38:20'),
(780, 427, 5, 34546, 40000, 'Order', 0, '2023-04-09 06:38:20', '2023-04-09 06:38:20'),
(781, 430, 4, 69162, 80000, 'Order', 0, '2023-04-09 06:38:20', '2023-04-09 06:38:20'),
(782, 431, 4, 19960, 25000, 'Order', 0, '2023-04-09 06:38:20', '2023-04-09 06:38:20'),
(783, 412, 2, 198005, 250000, 'Order', 0, '2023-04-09 06:38:20', '2023-04-09 06:38:20'),
(784, 416, 5, 90000, 110000, 'Order', 0, '2023-04-09 06:38:20', '2023-04-09 06:38:20'),
(785, 430, 1, 69162, 80000, 'Order', 0, '2023-04-09 06:38:20', '2023-04-09 06:38:20'),
(786, 400, 3, 99401, 120000, 'Order', 0, '2023-04-09 06:38:20', '2023-04-09 06:38:20'),
(787, 403, 5, 49850, 60000, 'Order', 0, '2023-04-09 06:38:20', '2023-04-09 06:38:20'),
(788, 418, 3, 24602, 30000, 'Order', 0, '2023-04-09 06:38:20', '2023-04-09 06:38:20'),
(789, 394, 3, 74327, 90000, 'Order', 0, '2023-04-09 06:38:20', '2023-04-09 06:38:20'),
(790, 423, 3, 54725, 60000, 'Order', 0, '2023-04-09 06:38:20', '2023-04-09 06:38:20'),
(791, 434, 1, 9920, 13000, 'Order', 0, '2023-04-09 06:38:20', '2023-04-09 06:38:20'),
(792, 453, 4, 35498, 42000, 'Order', 0, '2023-04-09 06:38:20', '2023-04-09 06:38:20'),
(793, 462, 3, 89281, 120000, 'Order', 0, '2023-04-09 06:38:20', '2023-04-09 06:38:20'),
(794, 387, 4, 108554, 130000, 'Order', 0, '2023-04-09 06:38:20', '2023-04-09 06:38:20'),
(795, 391, 1, 109780, 150000, 'Order', 0, '2023-04-09 06:38:20', '2023-04-09 06:38:20'),
(796, 406, 2, 129350, 160000, 'Order', 0, '2023-04-09 06:38:20', '2023-04-09 06:38:20'),
(797, 432, 2, 16864, 20000, 'Order', 0, '2023-04-09 06:38:20', '2023-04-09 06:38:20'),
(798, 394, 2, 74327, 90000, 'Order', 0, '2023-04-09 06:38:20', '2023-04-09 06:38:20'),
(799, 395, 5, 74327, 90000, 'Order', 0, '2023-04-09 06:38:20', '2023-04-09 06:38:20'),
(800, 411, 5, 167790, 200000, 'Order', 0, '2023-04-09 06:38:20', '2023-04-09 06:38:20'),
(801, 425, 4, 79600, 100000, 'Order', 0, '2023-04-09 06:38:20', '2023-04-09 06:38:20'),
(802, 428, 1, 29731, 35000, 'Order', 0, '2023-04-09 06:38:20', '2023-04-09 06:38:20'),
(803, 402, 5, 54725, 70000, 'Order', 0, '2023-04-09 06:38:20', '2023-04-09 06:38:20'),
(804, 427, 2, 34546, 40000, 'Order', 0, '2023-04-09 06:38:20', '2023-04-09 06:38:20'),
(805, 408, 3, 138463, 175000, 'Order', 0, '2023-04-09 06:38:20', '2023-04-09 06:38:20'),
(806, 441, 1, 49154, 60000, 'Order', 0, '2023-04-09 06:38:20', '2023-04-09 06:38:20'),
(807, 429, 5, 59162, 70000, 'Order', 0, '2023-04-09 06:38:20', '2023-04-09 06:38:20'),
(808, 431, 4, 19960, 25000, 'Order', 0, '2023-04-09 06:38:20', '2023-04-09 06:38:20'),
(809, 455, 2, 34686, 45000, 'Order', 0, '2023-04-09 06:38:20', '2023-04-09 06:38:20'),
(810, 407, 2, 74775, 90000, 'Order', 0, '2023-04-09 06:38:20', '2023-04-09 06:38:20'),
(811, 428, 5, 29731, 35000, 'Order', 0, '2023-04-09 06:38:20', '2023-04-09 06:38:20'),
(812, 437, 1, 16729, 20000, 'Order', 0, '2023-04-09 06:38:20', '2023-04-09 06:38:20'),
(813, 457, 5, 73729, 90000, 'Order', 0, '2023-04-09 06:38:20', '2023-04-09 06:38:20'),
(814, 390, 4, 64611, 85000, 'Order', 0, '2023-04-09 06:38:20', '2023-04-09 06:38:20'),
(815, 425, 2, 79600, 100000, 'Order', 0, '2023-04-09 06:38:20', '2023-04-09 06:38:20'),
(816, 387, 5, 108554, 130000, 'Order', 0, '2023-04-09 06:38:20', '2023-04-09 06:38:20'),
(817, 391, 2, 109780, 150000, 'Order', 0, '2023-04-09 06:38:20', '2023-04-09 06:38:20'),
(818, 426, 4, 99700, 120000, 'Order', 0, '2023-04-09 06:38:20', '2023-04-09 06:38:20'),
(819, 433, 4, 16847, 20000, 'Order', 0, '2023-04-09 06:38:20', '2023-04-09 06:38:20'),
(820, 462, 5, 89281, 120000, 'Order', 0, '2023-04-09 06:38:20', '2023-04-09 06:38:20'),
(821, 392, 4, 59461, 80000, 'Order', 0, '2023-04-09 06:38:20', '2023-04-09 06:38:20'),
(822, 456, 3, 99600, 120000, 'Order', 0, '2023-04-09 06:38:20', '2023-04-09 06:38:20'),
(823, 401, 4, 69092, 90000, 'Order', 0, '2023-04-09 06:38:20', '2023-04-09 06:38:20'),
(824, 422, 5, 58271, 80000, 'Order', 0, '2023-04-09 06:38:20', '2023-04-09 06:38:20'),
(825, 437, 1, 16729, 20000, 'Order', 0, '2023-04-09 06:38:20', '2023-04-09 06:38:20'),
(826, 387, 5, 108554, 130000, 'Order', 0, '2023-04-09 06:38:20', '2023-04-09 06:38:20'),
(827, 398, 3, 108793, 130000, 'Order', 0, '2023-04-09 06:38:20', '2023-04-09 06:38:20'),
(828, 402, 5, 54725, 70000, 'Order', 0, '2023-04-09 06:38:20', '2023-04-09 06:38:20'),
(829, 432, 1, 16864, 20000, 'Order', 0, '2023-04-09 06:38:20', '2023-04-09 06:38:20'),
(830, 456, 5, 99600, 120000, 'Order', 0, '2023-04-09 06:38:20', '2023-04-09 06:38:20'),
(831, 389, 1, 54725, 65000, 'Order', 0, '2023-04-09 06:38:20', '2023-04-09 06:38:20'),
(832, 395, 3, 74327, 90000, 'Order', 0, '2023-04-09 06:38:20', '2023-04-09 06:38:20'),
(833, 407, 4, 74775, 90000, 'Order', 0, '2023-04-09 06:38:20', '2023-04-09 06:38:20'),
(834, 404, 5, 99200, 130000, 'Order', 0, '2023-04-09 06:38:20', '2023-04-09 06:38:20'),
(835, 413, 1, 371259, 460000, 'Order', 0, '2023-04-09 06:38:20', '2023-04-09 06:38:20'),
(836, 422, 1, 58271, 80000, 'Order', 0, '2023-04-09 06:38:20', '2023-04-09 06:38:20'),
(837, 441, 4, 49154, 60000, 'Order', 0, '2023-04-09 06:38:20', '2023-04-09 06:38:20'),
(838, 462, 5, 89281, 120000, 'Order', 0, '2023-04-09 06:38:20', '2023-04-09 06:38:20'),
(839, 410, 4, 54342, 70000, 'Order', 0, '2023-04-09 06:38:20', '2023-04-09 06:38:20'),
(840, 440, 5, 16864, 20000, 'Order', 0, '2023-04-09 06:38:20', '2023-04-09 06:38:20'),
(841, 457, 3, 73729, 90000, 'Order', 0, '2023-04-09 06:38:20', '2023-04-09 06:38:20'),
(842, 404, 1, 99200, 130000, 'Order', 0, '2023-04-09 06:38:20', '2023-04-09 06:38:20'),
(843, 436, 4, 9801, 13000, 'Order', 0, '2023-04-09 06:38:20', '2023-04-09 06:38:20'),
(844, 411, 3, 167790, 200000, 'Order', 0, '2023-04-09 06:38:20', '2023-04-09 06:38:20'),
(845, 426, 4, 99700, 120000, 'Order', 0, '2023-04-09 06:38:20', '2023-04-09 06:38:20'),
(846, 393, 5, 99800, 120000, 'Order', 0, '2023-04-09 06:38:20', '2023-04-09 06:38:20'),
(847, 416, 1, 90000, 110000, 'Order', 0, '2023-04-09 06:38:20', '2023-04-09 06:38:20'),
(848, 417, 5, 104266, 125000, 'Order', 0, '2023-04-09 06:38:20', '2023-04-09 06:38:20'),
(849, 457, 2, 73729, 90000, 'Order', 0, '2023-04-09 06:38:20', '2023-04-09 06:38:20'),
(850, 387, 1, 108554, 130000, 'Order', 0, '2023-04-09 06:38:20', '2023-04-09 06:38:20'),
(851, 394, 3, 74327, 90000, 'Order', 0, '2023-04-09 06:38:20', '2023-04-09 06:38:20'),
(852, 395, 4, 74327, 90000, 'Order', 0, '2023-04-09 06:38:20', '2023-04-09 06:38:20'),
(853, 403, 2, 49850, 60000, 'Order', 0, '2023-04-09 06:38:20', '2023-04-09 06:38:20'),
(854, 438, 4, 16814, 20000, 'Order', 0, '2023-04-09 06:38:20', '2023-04-09 06:38:20'),
(855, 421, 5, 29850, 45000, 'Order', 0, '2023-04-09 06:38:20', '2023-04-09 06:38:20'),
(856, 431, 1, 19960, 25000, 'Order', 0, '2023-04-09 06:38:20', '2023-04-09 06:38:20'),
(857, 439, 1, 20000, 25000, 'Order', 0, '2023-04-09 06:38:20', '2023-04-09 06:38:20'),
(858, 393, 3, 99800, 120000, 'Order', 0, '2023-04-09 06:38:20', '2023-04-09 06:38:20'),
(859, 398, 4, 108793, 130000, 'Order', 0, '2023-04-09 06:38:20', '2023-04-09 06:38:20'),
(860, 411, 1, 167790, 200000, 'Order', 0, '2023-04-09 06:38:20', '2023-04-09 06:38:20'),
(861, 436, 5, 9801, 13000, 'Order', 0, '2023-04-09 06:38:20', '2023-04-09 06:38:20'),
(862, 446, 5, 59700, 75000, 'Order', 0, '2023-04-09 06:38:20', '2023-04-09 06:38:20'),
(863, 391, 1, 109780, 150000, 'Order', 0, '2023-04-09 06:38:20', '2023-04-09 06:38:20'),
(864, 420, 5, 29880, 35000, 'Order', 0, '2023-04-09 06:38:20', '2023-04-09 06:38:20'),
(865, 429, 1, 59162, 70000, 'Order', 0, '2023-04-09 06:38:20', '2023-04-09 06:38:20'),
(866, 432, 3, 16864, 20000, 'Order', 0, '2023-04-09 06:38:20', '2023-04-09 06:38:20'),
(867, 403, 5, 49501, 60000, 'Order', 0, '2023-04-09 06:44:37', '2023-04-09 06:44:37'),
(868, 406, 5, 129091, 160000, 'Order', 0, '2023-04-09 06:44:37', '2023-04-09 06:44:37'),
(869, 426, 4, 98902, 120000, 'Order', 0, '2023-04-09 06:44:37', '2023-04-09 06:44:37'),
(870, 439, 5, 19980, 25000, 'Order', 0, '2023-04-09 06:44:37', '2023-04-09 06:44:37'),
(871, 393, 4, 99002, 120000, 'Order', 0, '2023-04-09 06:44:37', '2023-04-09 06:44:37'),
(872, 399, 3, 59700, 75000, 'Order', 0, '2023-04-09 06:44:37', '2023-04-09 06:44:37'),
(873, 401, 5, 68815, 90000, 'Order', 0, '2023-04-09 06:44:37', '2023-04-09 06:44:37'),
(874, 406, 4, 129091, 160000, 'Order', 0, '2023-04-09 06:44:37', '2023-04-09 06:44:37'),
(875, 430, 3, 68816, 80000, 'Order', 0, '2023-04-09 06:44:37', '2023-04-09 06:44:37'),
(876, 400, 2, 99102, 120000, 'Order', 0, '2023-04-09 06:44:37', '2023-04-09 06:44:37'),
(877, 420, 2, 29731, 35000, 'Order', 0, '2023-04-09 06:44:37', '2023-04-09 06:44:37'),
(878, 457, 5, 72992, 90000, 'Order', 0, '2023-04-09 06:44:37', '2023-04-09 06:44:37'),
(879, 422, 4, 57922, 80000, 'Order', 0, '2023-04-09 06:44:37', '2023-04-09 06:44:37'),
(880, 425, 5, 79122, 100000, 'Order', 0, '2023-04-09 06:44:37', '2023-04-09 06:44:37'),
(881, 440, 3, 16780, 20000, 'Order', 0, '2023-04-09 06:44:37', '2023-04-09 06:44:37'),
(882, 390, 5, 64352, 85000, 'Order', 0, '2023-04-09 06:44:37', '2023-04-09 06:44:37'),
(883, 415, 3, 49601, 60000, 'Order', 0, '2023-04-09 06:44:37', '2023-04-09 06:44:37'),
(884, 418, 1, 24429, 30000, 'Order', 0, '2023-04-09 06:44:37', '2023-04-09 06:44:37'),
(885, 441, 3, 48760, 60000, 'Order', 0, '2023-04-09 06:44:37', '2023-04-09 06:44:37'),
(886, 457, 1, 72992, 90000, 'Order', 0, '2023-04-09 06:44:37', '2023-04-09 06:44:37'),
(887, 403, 2, 49501, 60000, 'Order', 0, '2023-04-09 06:44:37', '2023-04-09 06:44:37'),
(888, 405, 4, 75000, 90000, 'Order', 0, '2023-04-09 06:44:37', '2023-04-09 06:44:37'),
(889, 406, 1, 129091, 160000, 'Order', 0, '2023-04-09 06:44:37', '2023-04-09 06:44:37'),
(890, 424, 4, 97914, 130000, 'Order', 0, '2023-04-09 06:44:37', '2023-04-09 06:44:37'),
(891, 454, 3, 94335, 115000, 'Order', 0, '2023-04-09 06:44:37', '2023-04-09 06:44:37'),
(892, 393, 5, 99002, 120000, 'Order', 0, '2023-04-09 06:44:37', '2023-04-09 06:44:37'),
(893, 394, 2, 73732, 90000, 'Order', 0, '2023-04-09 06:44:37', '2023-04-09 06:44:37'),
(894, 411, 1, 166280, 200000, 'Order', 0, '2023-04-09 06:44:37', '2023-04-09 06:44:37'),
(895, 403, 3, 49501, 60000, 'Order', 0, '2023-04-09 06:44:37', '2023-04-09 06:44:37'),
(896, 414, 4, 59880, 75000, 'Order', 0, '2023-04-09 06:44:37', '2023-04-09 06:44:37'),
(897, 425, 4, 79122, 100000, 'Order', 0, '2023-04-09 06:44:37', '2023-04-09 06:44:37'),
(898, 446, 2, 59402, 75000, 'Order', 0, '2023-04-09 06:44:37', '2023-04-09 06:44:37'),
(899, 401, 2, 68815, 90000, 'Order', 0, '2023-04-09 06:44:37', '2023-04-09 06:44:37'),
(900, 407, 1, 73953, 90000, 'Order', 0, '2023-04-09 06:44:37', '2023-04-09 06:44:37'),
(901, 433, 4, 16696, 20000, 'Order', 0, '2023-04-09 06:44:37', '2023-04-09 06:44:37'),
(902, 394, 1, 73732, 90000, 'Order', 0, '2023-04-09 06:44:37', '2023-04-09 06:44:37'),
(903, 411, 5, 166280, 200000, 'Order', 0, '2023-04-09 06:44:37', '2023-04-09 06:44:37'),
(904, 415, 4, 49601, 60000, 'Order', 0, '2023-04-09 06:44:37', '2023-04-09 06:44:37'),
(905, 417, 2, 103745, 125000, 'Order', 0, '2023-04-09 06:44:37', '2023-04-09 06:44:37'),
(906, 419, 3, 24726, 30000, 'Order', 0, '2023-04-09 06:44:37', '2023-04-09 06:44:37'),
(907, 398, 5, 108032, 130000, 'Order', 0, '2023-04-09 06:44:37', '2023-04-09 06:44:37'),
(908, 403, 2, 49501, 60000, 'Order', 0, '2023-04-09 06:44:37', '2023-04-09 06:44:37'),
(909, 434, 4, 9910, 13000, 'Order', 0, '2023-04-09 06:44:37', '2023-04-09 06:44:37'),
(910, 401, 4, 68815, 90000, 'Order', 0, '2023-04-09 06:44:37', '2023-04-09 06:44:37'),
(911, 430, 2, 68816, 80000, 'Order', 0, '2023-04-09 06:44:37', '2023-04-09 06:44:37'),
(912, 438, 3, 16713, 20000, 'Order', 0, '2023-04-09 06:44:37', '2023-04-09 06:44:37'),
(913, 439, 2, 19980, 25000, 'Order', 0, '2023-04-09 06:44:37', '2023-04-09 06:44:37'),
(914, 440, 5, 16780, 20000, 'Order', 0, '2023-04-09 06:44:37', '2023-04-09 06:44:37'),
(915, 426, 2, 98902, 120000, 'Order', 0, '2023-04-09 06:44:37', '2023-04-09 06:44:37'),
(916, 431, 3, 19780, 25000, 'Order', 0, '2023-04-09 06:44:37', '2023-04-09 06:44:37'),
(917, 453, 4, 35214, 42000, 'Order', 0, '2023-04-09 06:44:37', '2023-04-09 06:44:37'),
(918, 388, 4, 73582, 90000, 'Order', 0, '2023-04-09 06:44:37', '2023-04-09 06:44:37'),
(919, 399, 3, 59700, 75000, 'Order', 0, '2023-04-09 06:44:37', '2023-04-09 06:44:37'),
(920, 404, 1, 98605, 130000, 'Order', 0, '2023-04-09 06:44:37', '2023-04-09 06:44:37'),
(921, 421, 3, 29552, 45000, 'Order', 0, '2023-04-09 06:44:37', '2023-04-09 06:44:37'),
(922, 459, 4, 256889, 360000, 'Order', 0, '2023-04-09 06:44:37', '2023-04-09 06:44:37'),
(923, 389, 3, 54397, 65000, 'Order', 0, '2023-04-09 06:44:37', '2023-04-09 06:44:37'),
(924, 398, 4, 108032, 130000, 'Order', 0, '2023-04-09 06:44:37', '2023-04-09 06:44:37'),
(925, 460, 5, 83562, 95000, 'Order', 0, '2023-04-09 06:44:37', '2023-04-09 06:44:37'),
(926, 399, 2, 59700, 75000, 'Order', 0, '2023-04-09 06:44:37', '2023-04-09 06:44:37'),
(927, 405, 4, 75000, 90000, 'Order', 0, '2023-04-09 06:44:37', '2023-04-09 06:44:37'),
(928, 454, 2, 94335, 115000, 'Order', 0, '2023-04-09 06:44:37', '2023-04-09 06:44:37'),
(929, 458, 1, 118803, 150000, 'Order', 0, '2023-04-09 06:44:37', '2023-04-09 06:44:37'),
(930, 401, 3, 68815, 90000, 'Order', 0, '2023-04-09 06:44:37', '2023-04-09 06:44:37'),
(931, 407, 5, 73953, 90000, 'Order', 0, '2023-04-09 06:44:37', '2023-04-09 06:44:37'),
(932, 410, 2, 54125, 70000, 'Order', 0, '2023-04-09 06:44:37', '2023-04-09 06:44:37'),
(933, 418, 2, 24429, 30000, 'Order', 0, '2023-04-09 06:44:37', '2023-04-09 06:44:37'),
(934, 398, 2, 108032, 130000, 'Order', 0, '2023-04-09 06:44:37', '2023-04-09 06:44:37'),
(935, 415, 4, 49601, 60000, 'Order', 0, '2023-04-09 06:44:37', '2023-04-09 06:44:37'),
(936, 433, 4, 16696, 20000, 'Order', 0, '2023-04-09 06:44:37', '2023-04-09 06:44:37'),
(937, 395, 5, 73435, 90000, 'Order', 0, '2023-04-09 06:44:37', '2023-04-09 06:44:37'),
(938, 416, 2, 89460, 110000, 'Order', 0, '2023-04-09 06:44:37', '2023-04-09 06:44:37'),
(939, 428, 2, 29552, 35000, 'Order', 0, '2023-04-09 06:44:37', '2023-04-09 06:44:37'),
(940, 458, 5, 118803, 150000, 'Order', 0, '2023-04-09 06:44:37', '2023-04-09 06:44:37'),
(941, 403, 3, 49501, 60000, 'Order', 0, '2023-04-09 06:44:37', '2023-04-09 06:44:37'),
(942, 429, 2, 58807, 70000, 'Order', 0, '2023-04-09 06:44:37', '2023-04-09 06:44:37'),
(943, 441, 4, 48760, 60000, 'Order', 0, '2023-04-09 06:44:37', '2023-04-09 06:44:37'),
(944, 405, 3, 75000, 90000, 'Order', 0, '2023-04-09 06:44:37', '2023-04-09 06:44:37'),
(945, 409, 1, 244034, 350000, 'Order', 0, '2023-04-09 06:44:37', '2023-04-09 06:44:37'),
(946, 394, 3, 73732, 90000, 'Order', 0, '2023-04-09 06:44:37', '2023-04-09 06:44:37'),
(947, 396, 2, 89192, 110000, 'Order', 0, '2023-04-09 06:44:37', '2023-04-09 06:44:37'),
(948, 411, 1, 166280, 200000, 'Order', 0, '2023-04-09 06:44:37', '2023-04-09 06:44:37'),
(949, 417, 1, 103745, 125000, 'Order', 0, '2023-04-09 06:44:37', '2023-04-09 06:44:37'),
(950, 458, 1, 118803, 150000, 'Order', 0, '2023-04-09 06:44:37', '2023-04-09 06:44:37'),
(951, 427, 1, 34305, 40000, 'Order', 0, '2023-04-09 06:44:37', '2023-04-09 06:44:37'),
(952, 429, 1, 58807, 70000, 'Order', 0, '2023-04-09 06:44:37', '2023-04-09 06:44:37'),
(953, 437, 3, 16696, 20000, 'Order', 0, '2023-04-09 06:44:37', '2023-04-09 06:44:37'),
(954, 460, 3, 83562, 95000, 'Order', 0, '2023-04-09 06:44:37', '2023-04-09 06:44:37'),
(955, 398, 2, 108032, 130000, 'Order', 0, '2023-04-09 06:44:37', '2023-04-09 06:44:37'),
(956, 440, 5, 16780, 20000, 'Order', 0, '2023-04-09 06:44:37', '2023-04-09 06:44:37'),
(957, 441, 4, 48760, 60000, 'Order', 0, '2023-04-09 06:44:37', '2023-04-09 06:44:37'),
(958, 396, 5, 89192, 110000, 'Order', 0, '2023-04-09 06:44:37', '2023-04-09 06:44:37'),
(959, 397, 3, 74251, 90000, 'Order', 0, '2023-04-09 06:44:37', '2023-04-09 06:44:37'),
(960, 406, 4, 129091, 160000, 'Order', 0, '2023-04-09 06:44:37', '2023-04-09 06:44:37'),
(961, 408, 3, 138048, 175000, 'Order', 0, '2023-04-09 06:44:37', '2023-04-09 06:44:37'),
(962, 390, 1, 64352, 85000, 'Order', 0, '2023-04-09 06:44:37', '2023-04-09 06:44:37'),
(963, 402, 1, 54178, 70000, 'Order', 0, '2023-04-09 06:44:37', '2023-04-09 06:44:37'),
(964, 413, 1, 370888, 460000, 'Order', 0, '2023-04-09 06:44:37', '2023-04-09 06:44:37'),
(965, 419, 3, 24726, 30000, 'Order', 0, '2023-04-09 06:44:37', '2023-04-09 06:44:37'),
(966, 429, 3, 58807, 70000, 'Order', 0, '2023-04-09 06:44:37', '2023-04-09 06:44:37'),
(967, 456, 3, 98803, 120000, 'Order', 0, '2023-04-09 06:44:37', '2023-04-09 06:44:37'),
(968, 458, 1, 118803, 150000, 'Order', 0, '2023-04-09 06:44:37', '2023-04-09 06:44:37'),
(969, 390, 2, 64352, 85000, 'Order', 0, '2023-04-09 06:44:37', '2023-04-09 06:44:37'),
(970, 416, 2, 89460, 110000, 'Order', 0, '2023-04-09 06:44:37', '2023-04-09 06:44:37'),
(971, 424, 1, 97914, 130000, 'Order', 0, '2023-04-09 06:44:37', '2023-04-09 06:44:37'),
(972, 453, 2, 35214, 42000, 'Order', 0, '2023-04-09 06:44:37', '2023-04-09 06:44:37'),
(973, 407, 3, 73953, 90000, 'Order', 0, '2023-04-09 06:44:37', '2023-04-09 06:44:37'),
(974, 424, 3, 97914, 130000, 'Order', 0, '2023-04-09 06:44:37', '2023-04-09 06:44:37'),
(975, 389, 3, 54397, 65000, 'Order', 0, '2023-04-09 06:44:37', '2023-04-09 06:44:37'),
(976, 407, 4, 73953, 90000, 'Order', 0, '2023-04-09 06:44:37', '2023-04-09 06:44:37'),
(977, 412, 1, 197609, 250000, 'Order', 0, '2023-04-09 06:44:37', '2023-04-09 06:44:37'),
(978, 460, 3, 83562, 95000, 'Order', 0, '2023-04-09 06:44:37', '2023-04-09 06:44:37'),
(979, 392, 2, 59223, 80000, 'Order', 0, '2023-04-09 06:44:37', '2023-04-09 06:44:37'),
(980, 403, 4, 49501, 60000, 'Order', 0, '2023-04-09 06:44:37', '2023-04-09 06:44:37'),
(981, 427, 1, 34305, 40000, 'Order', 0, '2023-04-09 06:44:37', '2023-04-09 06:44:37'),
(982, 411, 5, 166280, 200000, 'Order', 0, '2023-04-09 06:44:37', '2023-04-09 06:44:37'),
(983, 430, 1, 68816, 80000, 'Order', 0, '2023-04-09 06:44:37', '2023-04-09 06:44:37'),
(984, 433, 4, 16696, 20000, 'Order', 0, '2023-04-09 06:44:37', '2023-04-09 06:44:37'),
(985, 460, 2, 83562, 95000, 'Order', 0, '2023-04-09 06:44:37', '2023-04-09 06:44:37'),
(986, 392, 5, 59223, 80000, 'Order', 0, '2023-04-09 06:44:37', '2023-04-09 06:44:37'),
(987, 426, 5, 98902, 120000, 'Order', 0, '2023-04-09 06:44:37', '2023-04-09 06:44:37'),
(988, 457, 1, 72992, 90000, 'Order', 0, '2023-04-09 06:44:37', '2023-04-09 06:44:37'),
(989, 458, 4, 118803, 150000, 'Order', 0, '2023-04-09 06:44:37', '2023-04-09 06:44:37'),
(990, 393, 5, 99002, 120000, 'Order', 0, '2023-04-09 06:44:37', '2023-04-09 06:44:37'),
(991, 407, 4, 73953, 90000, 'Order', 0, '2023-04-09 06:44:37', '2023-04-09 06:44:37'),
(992, 412, 1, 197609, 250000, 'Order', 0, '2023-04-09 06:44:37', '2023-04-09 06:44:37'),
(993, 424, 5, 97914, 130000, 'Order', 0, '2023-04-09 06:44:37', '2023-04-09 06:44:37'),
(994, 434, 3, 9910, 13000, 'Order', 0, '2023-04-09 06:44:37', '2023-04-09 06:44:37'),
(995, 417, 2, 103745, 125000, 'Order', 0, '2023-04-09 06:44:37', '2023-04-09 06:44:37'),
(996, 456, 1, 98803, 120000, 'Order', 0, '2023-04-09 06:44:37', '2023-04-09 06:44:37'),
(997, 402, 5, 54178, 70000, 'Order', 0, '2023-04-09 06:44:37', '2023-04-09 06:44:37'),
(998, 439, 5, 19980, 25000, 'Order', 0, '2023-04-09 06:44:37', '2023-04-09 06:44:37'),
(999, 396, 5, 89192, 110000, 'Order', 0, '2023-04-09 06:44:37', '2023-04-09 06:44:37'),
(1000, 415, 5, 49601, 60000, 'Order', 0, '2023-04-09 06:44:37', '2023-04-09 06:44:37'),
(1001, 429, 1, 58807, 70000, 'Order', 0, '2023-04-09 06:44:37', '2023-04-09 06:44:37'),
(1002, 403, 2, 49501, 60000, 'Order', 0, '2023-04-09 06:44:38', '2023-04-09 06:44:38'),
(1003, 453, 2, 35214, 42000, 'Order', 0, '2023-04-09 06:44:38', '2023-04-09 06:44:38'),
(1004, 387, 5, 107074, 130000, 'Order', 0, '2023-04-09 06:44:38', '2023-04-09 06:44:38'),
(1005, 401, 2, 68815, 90000, 'Order', 0, '2023-04-09 06:44:38', '2023-04-09 06:44:38'),
(1006, 406, 4, 129091, 160000, 'Order', 0, '2023-04-09 06:44:38', '2023-04-09 06:44:38'),
(1007, 458, 1, 118803, 150000, 'Order', 0, '2023-04-09 06:44:38', '2023-04-09 06:44:38'),
(1008, 407, 5, 73953, 90000, 'Order', 0, '2023-04-09 06:44:38', '2023-04-09 06:44:38'),
(1009, 421, 1, 29552, 45000, 'Order', 0, '2023-04-09 06:44:38', '2023-04-09 06:44:38'),
(1010, 425, 5, 79122, 100000, 'Order', 0, '2023-04-09 06:44:38', '2023-04-09 06:44:38'),
(1011, 435, 2, 9930, 13000, 'Order', 0, '2023-04-09 06:44:38', '2023-04-09 06:44:38'),
(1012, 436, 4, 9713, 13000, 'Order', 0, '2023-04-09 06:44:38', '2023-04-09 06:44:38'),
(1013, 393, 3, 99002, 120000, 'Order', 0, '2023-04-09 06:44:38', '2023-04-09 06:44:38'),
(1014, 401, 5, 68815, 90000, 'Order', 0, '2023-04-09 06:44:38', '2023-04-09 06:44:38'),
(1015, 409, 2, 244034, 350000, 'Order', 0, '2023-04-09 06:44:38', '2023-04-09 06:44:38'),
(1016, 416, 2, 89460, 110000, 'Order', 0, '2023-04-09 06:44:38', '2023-04-09 06:44:38'),
(1017, 459, 2, 256889, 360000, 'Order', 0, '2023-04-09 06:44:38', '2023-04-09 06:44:38'),
(1018, 400, 2, 99102, 120000, 'Order', 0, '2023-04-09 06:44:38', '2023-04-09 06:44:38'),
(1019, 421, 1, 29552, 45000, 'Order', 0, '2023-04-09 06:44:38', '2023-04-09 06:44:38'),
(1020, 413, 2, 370888, 460000, 'Order', 0, '2023-04-09 06:44:38', '2023-04-09 06:44:38'),
(1021, 439, 5, 19980, 25000, 'Order', 0, '2023-04-09 06:44:38', '2023-04-09 06:44:38'),
(1022, 389, 5, 54397, 65000, 'Order', 0, '2023-04-09 06:44:38', '2023-04-09 06:44:38'),
(1023, 417, 3, 103745, 125000, 'Order', 0, '2023-04-09 06:44:38', '2023-04-09 06:44:38'),
(1024, 422, 2, 57922, 80000, 'Order', 0, '2023-04-09 06:44:38', '2023-04-09 06:44:38'),
(1025, 402, 1, 54178, 70000, 'Order', 0, '2023-04-09 06:44:38', '2023-04-09 06:44:38'),
(1026, 403, 1, 49501, 60000, 'Order', 0, '2023-04-09 06:44:38', '2023-04-09 06:44:38'),
(1027, 431, 1, 19780, 25000, 'Order', 0, '2023-04-09 06:44:38', '2023-04-09 06:44:38'),
(1028, 411, 3, 166280, 200000, 'Order', 0, '2023-04-09 06:44:38', '2023-04-09 06:44:38'),
(1029, 418, 5, 24429, 30000, 'Order', 0, '2023-04-09 06:44:38', '2023-04-09 06:44:38'),
(1030, 425, 1, 79122, 100000, 'Order', 0, '2023-04-09 06:44:38', '2023-04-09 06:44:38'),
(1031, 446, 5, 59402, 75000, 'Order', 0, '2023-04-09 06:44:38', '2023-04-09 06:44:38'),
(1032, 421, 3, 29552, 45000, 'Order', 0, '2023-04-09 06:44:38', '2023-04-09 06:44:38'),
(1033, 435, 4, 9930, 13000, 'Order', 0, '2023-04-09 06:44:38', '2023-04-09 06:44:38'),
(1034, 438, 2, 16713, 20000, 'Order', 0, '2023-04-09 06:44:38', '2023-04-09 06:44:38'),
(1035, 403, 5, 49501, 60000, 'Order', 0, '2023-04-09 06:44:38', '2023-04-09 06:44:38'),
(1036, 435, 2, 9930, 13000, 'Order', 0, '2023-04-09 06:44:38', '2023-04-09 06:44:38'),
(1037, 439, 3, 19980, 25000, 'Order', 0, '2023-04-09 06:44:38', '2023-04-09 06:44:38'),
(1038, 459, 1, 256889, 360000, 'Order', 0, '2023-04-09 06:44:38', '2023-04-09 06:44:38'),
(1039, 388, 4, 73582, 90000, 'Order', 0, '2023-04-09 06:44:38', '2023-04-09 06:44:38'),
(1040, 404, 1, 98605, 130000, 'Order', 0, '2023-04-09 06:44:38', '2023-04-09 06:44:38'),
(1041, 433, 3, 16696, 20000, 'Order', 0, '2023-04-09 06:44:38', '2023-04-09 06:44:38'),
(1042, 438, 3, 16713, 20000, 'Order', 0, '2023-04-09 06:44:38', '2023-04-09 06:44:38'),
(1043, 414, 4, 59880, 75000, 'Order', 0, '2023-04-09 06:44:38', '2023-04-09 06:44:38'),
(1044, 430, 4, 68816, 80000, 'Order', 0, '2023-04-09 06:44:38', '2023-04-09 06:44:38'),
(1045, 432, 4, 16763, 20000, 'Order', 0, '2023-04-09 06:44:38', '2023-04-09 06:44:38'),
(1046, 433, 3, 16696, 20000, 'Order', 0, '2023-04-09 06:44:38', '2023-04-09 06:44:38'),
(1047, 440, 1, 16780, 20000, 'Order', 0, '2023-04-09 06:44:38', '2023-04-09 06:44:38'),
(1048, 394, 3, 73732, 90000, 'Order', 0, '2023-04-09 06:44:38', '2023-04-09 06:44:38'),
(1049, 406, 1, 129091, 160000, 'Order', 0, '2023-04-09 06:44:38', '2023-04-09 06:44:38'),
(1050, 427, 1, 34305, 40000, 'Order', 0, '2023-04-09 06:44:38', '2023-04-09 06:44:38'),
(1051, 397, 3, 74251, 90000, 'Order', 0, '2023-04-09 06:44:38', '2023-04-09 06:44:38'),
(1052, 399, 1, 59700, 75000, 'Order', 0, '2023-04-09 06:44:38', '2023-04-09 06:44:38'),
(1053, 414, 4, 59880, 75000, 'Order', 0, '2023-04-09 06:44:38', '2023-04-09 06:44:38'),
(1054, 417, 1, 103745, 125000, 'Order', 0, '2023-04-09 06:44:38', '2023-04-09 06:44:38'),
(1055, 440, 1, 16780, 20000, 'Order', 0, '2023-04-09 06:44:38', '2023-04-09 06:44:38'),
(1056, 391, 1, 109121, 150000, 'Order', 0, '2023-04-09 06:44:38', '2023-04-09 06:44:38');
INSERT INTO `stock` (`id`, `product_id`, `qty`, `purchase_price`, `selling_price`, `description`, `status`, `created_at`, `updated_at`) VALUES
(1057, 430, 4, 68816, 80000, 'Order', 0, '2023-04-09 06:44:38', '2023-04-09 06:44:38'),
(1058, 462, 4, 87942, 120000, 'Order', 0, '2023-04-09 06:44:38', '2023-04-09 06:44:38'),
(1059, 391, 4, 109121, 150000, 'Order', 0, '2023-04-09 06:44:38', '2023-04-09 06:44:38'),
(1060, 416, 3, 89460, 110000, 'Order', 0, '2023-04-09 06:44:38', '2023-04-09 06:44:38'),
(1061, 425, 3, 79122, 100000, 'Order', 0, '2023-04-09 06:44:38', '2023-04-09 06:44:38'),
(1062, 435, 3, 9930, 13000, 'Order', 0, '2023-04-09 06:44:38', '2023-04-09 06:44:38'),
(1063, 446, 2, 59402, 75000, 'Order', 0, '2023-04-09 06:44:38', '2023-04-09 06:44:38'),
(1064, 392, 3, 59223, 80000, 'Order', 0, '2023-04-09 06:44:38', '2023-04-09 06:44:38'),
(1065, 403, 3, 49501, 60000, 'Order', 0, '2023-04-09 06:44:38', '2023-04-09 06:44:38'),
(1066, 421, 4, 29552, 45000, 'Order', 0, '2023-04-09 06:44:38', '2023-04-09 06:44:38'),
(1067, 389, 1, 54397, 65000, 'Order', 0, '2023-04-09 06:44:38', '2023-04-09 06:44:38'),
(1068, 395, 1, 73435, 90000, 'Order', 0, '2023-04-09 06:44:38', '2023-04-09 06:44:38'),
(1069, 405, 3, 75000, 90000, 'Order', 0, '2023-04-09 06:44:38', '2023-04-09 06:44:38'),
(1070, 454, 4, 94335, 115000, 'Order', 0, '2023-04-09 06:44:38', '2023-04-09 06:44:38'),
(1071, 459, 4, 256889, 360000, 'Order', 0, '2023-04-09 06:44:38', '2023-04-09 06:44:38'),
(1072, 412, 2, 197609, 250000, 'Order', 0, '2023-04-09 06:44:38', '2023-04-09 06:44:38'),
(1073, 429, 5, 58807, 70000, 'Order', 0, '2023-04-09 06:44:38', '2023-04-09 06:44:38'),
(1074, 433, 4, 16696, 20000, 'Order', 0, '2023-04-09 06:44:38', '2023-04-09 06:44:38'),
(1075, 437, 3, 16696, 20000, 'Order', 0, '2023-04-09 06:44:38', '2023-04-09 06:44:38'),
(1076, 425, 1, 79122, 100000, 'Order', 0, '2023-04-09 06:44:38', '2023-04-09 06:44:38'),
(1077, 458, 3, 118803, 150000, 'Order', 0, '2023-04-09 06:44:38', '2023-04-09 06:44:38'),
(1078, 462, 3, 87942, 120000, 'Order', 0, '2023-04-09 06:44:38', '2023-04-09 06:44:38'),
(1079, 395, 4, 73435, 90000, 'Order', 0, '2023-04-09 06:44:38', '2023-04-09 06:44:38'),
(1080, 414, 2, 59880, 75000, 'Order', 0, '2023-04-09 06:44:38', '2023-04-09 06:44:38'),
(1081, 416, 5, 89460, 110000, 'Order', 0, '2023-04-09 06:44:38', '2023-04-09 06:44:38'),
(1082, 458, 5, 118803, 150000, 'Order', 0, '2023-04-09 06:44:38', '2023-04-09 06:44:38'),
(1083, 391, 2, 109121, 150000, 'Order', 0, '2023-04-09 06:44:38', '2023-04-09 06:44:38'),
(1084, 392, 3, 59223, 80000, 'Order', 0, '2023-04-09 06:44:38', '2023-04-09 06:44:38'),
(1085, 434, 4, 9910, 13000, 'Order', 0, '2023-04-09 06:44:38', '2023-04-09 06:44:38'),
(1086, 441, 5, 48760, 60000, 'Order', 0, '2023-04-09 06:44:38', '2023-04-09 06:44:38'),
(1087, 461, 2, 94336, 115000, 'Order', 0, '2023-04-09 06:44:38', '2023-04-09 06:44:38'),
(1088, 389, 2, 54397, 65000, 'Order', 0, '2023-04-09 06:44:38', '2023-04-09 06:44:38'),
(1089, 418, 3, 24429, 30000, 'Order', 0, '2023-04-09 06:44:38', '2023-04-09 06:44:38'),
(1090, 455, 1, 34616, 45000, 'Order', 0, '2023-04-09 06:44:38', '2023-04-09 06:44:38'),
(1091, 390, 5, 64352, 85000, 'Order', 0, '2023-04-09 06:44:38', '2023-04-09 06:44:38'),
(1092, 393, 2, 99002, 120000, 'Order', 0, '2023-04-09 06:44:38', '2023-04-09 06:44:38'),
(1093, 416, 1, 89460, 110000, 'Order', 0, '2023-04-09 06:44:38', '2023-04-09 06:44:38'),
(1094, 431, 2, 19780, 25000, 'Order', 0, '2023-04-09 06:44:38', '2023-04-09 06:44:38'),
(1095, 459, 4, 256889, 360000, 'Order', 0, '2023-04-09 06:44:38', '2023-04-09 06:44:38'),
(1096, 410, 1, 54125, 70000, 'Order', 0, '2023-04-09 06:44:38', '2023-04-09 06:44:38'),
(1097, 426, 2, 98902, 120000, 'Order', 0, '2023-04-09 06:44:38', '2023-04-09 06:44:38'),
(1098, 388, 2, 73582, 90000, 'Order', 0, '2023-04-09 06:44:38', '2023-04-09 06:44:38'),
(1099, 403, 3, 49501, 60000, 'Order', 0, '2023-04-09 06:44:38', '2023-04-09 06:44:38'),
(1100, 436, 4, 9713, 13000, 'Order', 0, '2023-04-09 06:44:38', '2023-04-09 06:44:38'),
(1101, 455, 5, 34616, 45000, 'Order', 0, '2023-04-09 06:44:38', '2023-04-09 06:44:38'),
(1102, 389, 2, 54397, 65000, 'Order', 0, '2023-04-09 06:44:38', '2023-04-09 06:44:38'),
(1103, 411, 5, 166280, 200000, 'Order', 0, '2023-04-09 06:44:38', '2023-04-09 06:44:38'),
(1104, 462, 4, 87942, 120000, 'Order', 0, '2023-04-09 06:44:38', '2023-04-09 06:44:38'),
(1105, 390, 5, 64352, 85000, 'Order', 0, '2023-04-09 06:44:38', '2023-04-09 06:44:38'),
(1106, 393, 1, 99002, 120000, 'Order', 0, '2023-04-09 06:44:38', '2023-04-09 06:44:38'),
(1107, 399, 4, 59700, 75000, 'Order', 0, '2023-04-09 06:44:38', '2023-04-09 06:44:38'),
(1108, 427, 3, 34305, 40000, 'Order', 0, '2023-04-09 06:44:38', '2023-04-09 06:44:38'),
(1109, 456, 5, 98803, 120000, 'Order', 0, '2023-04-09 06:44:38', '2023-04-09 06:44:38'),
(1110, 429, 3, 58807, 70000, 'Order', 0, '2023-04-09 06:44:38', '2023-04-09 06:44:38'),
(1111, 440, 5, 16780, 20000, 'Order', 0, '2023-04-09 06:44:38', '2023-04-09 06:44:38'),
(1112, 390, 3, 64352, 85000, 'Order', 0, '2023-04-09 06:44:38', '2023-04-09 06:44:38'),
(1113, 418, 2, 24429, 30000, 'Order', 0, '2023-04-09 06:44:38', '2023-04-09 06:44:38'),
(1114, 421, 3, 29552, 45000, 'Order', 0, '2023-04-09 06:44:38', '2023-04-09 06:44:38'),
(1115, 435, 4, 9930, 13000, 'Order', 0, '2023-04-09 06:44:38', '2023-04-09 06:44:38'),
(1116, 401, 4, 68815, 90000, 'Order', 0, '2023-04-09 06:44:38', '2023-04-09 06:44:38'),
(1117, 423, 5, 54561, 60000, 'Order', 0, '2023-04-09 06:44:38', '2023-04-09 06:44:38'),
(1118, 435, 2, 9930, 13000, 'Order', 0, '2023-04-09 06:44:38', '2023-04-09 06:44:38'),
(1119, 403, 3, 49501, 60000, 'Order', 0, '2023-04-09 06:44:38', '2023-04-09 06:44:38'),
(1120, 423, 3, 54561, 60000, 'Order', 0, '2023-04-09 06:44:38', '2023-04-09 06:44:38'),
(1121, 455, 1, 34616, 45000, 'Order', 0, '2023-04-09 06:44:38', '2023-04-09 06:44:38'),
(1122, 396, 4, 89192, 110000, 'Order', 0, '2023-04-09 06:44:38', '2023-04-09 06:44:38'),
(1123, 397, 2, 74251, 90000, 'Order', 0, '2023-04-09 06:44:38', '2023-04-09 06:44:38'),
(1124, 410, 4, 54125, 70000, 'Order', 0, '2023-04-09 06:44:38', '2023-04-09 06:44:38'),
(1125, 409, 5, 244034, 350000, 'Order', 0, '2023-04-09 06:44:38', '2023-04-09 06:44:38'),
(1126, 411, 3, 166280, 200000, 'Order', 0, '2023-04-09 06:44:38', '2023-04-09 06:44:38'),
(1127, 420, 2, 29731, 35000, 'Order', 0, '2023-04-09 06:44:38', '2023-04-09 06:44:38'),
(1128, 422, 4, 57922, 80000, 'Order', 0, '2023-04-09 06:44:38', '2023-04-09 06:44:38'),
(1129, 413, 5, 370888, 460000, 'Order', 0, '2023-04-09 06:44:38', '2023-04-09 06:44:38'),
(1130, 432, 3, 16763, 20000, 'Order', 0, '2023-04-09 06:44:38', '2023-04-09 06:44:38'),
(1131, 398, 1, 108032, 130000, 'Order', 0, '2023-04-09 06:44:38', '2023-04-09 06:44:38'),
(1132, 406, 1, 129091, 160000, 'Order', 0, '2023-04-09 06:44:38', '2023-04-09 06:44:38'),
(1133, 408, 1, 138048, 175000, 'Order', 0, '2023-04-09 06:44:38', '2023-04-09 06:44:38'),
(1134, 423, 3, 54561, 60000, 'Order', 0, '2023-04-09 06:44:38', '2023-04-09 06:44:38'),
(1135, 429, 2, 58807, 70000, 'Order', 0, '2023-04-09 06:44:38', '2023-04-09 06:44:38'),
(1136, 389, 2, 54397, 65000, 'Order', 0, '2023-04-09 06:44:38', '2023-04-09 06:44:38'),
(1137, 412, 2, 197609, 250000, 'Order', 0, '2023-04-09 06:44:38', '2023-04-09 06:44:38'),
(1138, 425, 4, 79122, 100000, 'Order', 0, '2023-04-09 06:44:38', '2023-04-09 06:44:38'),
(1139, 439, 1, 19980, 25000, 'Order', 0, '2023-04-09 06:44:38', '2023-04-09 06:44:38'),
(1140, 400, 4, 99102, 120000, 'Order', 0, '2023-04-09 06:44:38', '2023-04-09 06:44:38'),
(1141, 410, 2, 54125, 70000, 'Order', 0, '2023-04-09 06:44:38', '2023-04-09 06:44:38'),
(1142, 415, 4, 49601, 60000, 'Order', 0, '2023-04-09 06:44:38', '2023-04-09 06:44:38'),
(1143, 459, 4, 256889, 360000, 'Order', 0, '2023-04-09 06:44:38', '2023-04-09 06:44:38'),
(1144, 390, 5, 64352, 85000, 'Order', 0, '2023-04-09 06:44:38', '2023-04-09 06:44:38'),
(1145, 446, 4, 59402, 75000, 'Order', 0, '2023-04-09 06:44:38', '2023-04-09 06:44:38'),
(1146, 398, 1, 108032, 130000, 'Order', 0, '2023-04-09 06:44:38', '2023-04-09 06:44:38'),
(1147, 456, 3, 98803, 120000, 'Order', 0, '2023-04-09 06:44:38', '2023-04-09 06:44:38'),
(1148, 462, 5, 87942, 120000, 'Order', 0, '2023-04-09 06:44:38', '2023-04-09 06:44:38'),
(1149, 390, 1, 64352, 85000, 'Order', 0, '2023-04-09 06:44:38', '2023-04-09 06:44:38'),
(1150, 404, 4, 98605, 130000, 'Order', 0, '2023-04-09 06:44:38', '2023-04-09 06:44:38'),
(1151, 419, 3, 24726, 30000, 'Order', 0, '2023-04-09 06:44:38', '2023-04-09 06:44:38'),
(1152, 402, 2, 54178, 70000, 'Order', 0, '2023-04-09 06:44:38', '2023-04-09 06:44:38'),
(1153, 411, 1, 166280, 200000, 'Order', 0, '2023-04-09 06:44:38', '2023-04-09 06:44:38'),
(1154, 426, 4, 98902, 120000, 'Order', 0, '2023-04-09 06:44:38', '2023-04-09 06:44:38'),
(1155, 428, 5, 29552, 35000, 'Order', 0, '2023-04-09 06:44:38', '2023-04-09 06:44:38'),
(1156, 397, 5, 74251, 90000, 'Order', 0, '2023-04-09 06:44:38', '2023-04-09 06:44:38'),
(1157, 404, 1, 98605, 130000, 'Order', 0, '2023-04-09 06:44:38', '2023-04-09 06:44:38'),
(1158, 416, 2, 89460, 110000, 'Order', 0, '2023-04-09 06:44:38', '2023-04-09 06:44:38'),
(1159, 423, 5, 54561, 60000, 'Order', 0, '2023-04-09 06:44:38', '2023-04-09 06:44:38'),
(1160, 389, 3, 54397, 65000, 'Order', 0, '2023-04-09 06:44:38', '2023-04-09 06:44:38'),
(1161, 419, 2, 24726, 30000, 'Order', 0, '2023-04-09 06:44:38', '2023-04-09 06:44:38'),
(1162, 434, 4, 9910, 13000, 'Order', 0, '2023-04-09 06:44:38', '2023-04-09 06:44:38'),
(1163, 460, 1, 83562, 95000, 'Order', 0, '2023-04-09 06:44:38', '2023-04-09 06:44:38'),
(1164, 462, 5, 87942, 120000, 'Order', 0, '2023-04-09 06:44:38', '2023-04-09 06:44:38'),
(1165, 423, 1, 54561, 60000, 'Order', 0, '2023-04-09 06:44:38', '2023-04-09 06:44:38'),
(1166, 433, 4, 16696, 20000, 'Order', 0, '2023-04-09 06:44:38', '2023-04-09 06:44:38'),
(1167, 458, 1, 118803, 150000, 'Order', 0, '2023-04-09 06:44:38', '2023-04-09 06:44:38'),
(1168, 389, 2, 54397, 65000, 'Order', 0, '2023-04-09 06:44:38', '2023-04-09 06:44:38'),
(1169, 418, 1, 24429, 30000, 'Order', 0, '2023-04-09 06:44:38', '2023-04-09 06:44:38'),
(1170, 390, 2, 64352, 85000, 'Order', 0, '2023-04-09 06:44:38', '2023-04-09 06:44:38'),
(1171, 412, 4, 197609, 250000, 'Order', 0, '2023-04-09 06:44:38', '2023-04-09 06:44:38'),
(1172, 420, 2, 29731, 35000, 'Order', 0, '2023-04-09 06:44:38', '2023-04-09 06:44:38'),
(1173, 446, 1, 59402, 75000, 'Order', 0, '2023-04-09 06:44:38', '2023-04-09 06:44:38'),
(1174, 458, 2, 118803, 150000, 'Order', 0, '2023-04-09 06:44:38', '2023-04-09 06:44:38'),
(1175, 395, 2, 73435, 90000, 'Order', 0, '2023-04-09 06:44:38', '2023-04-09 06:44:38'),
(1176, 439, 5, 19980, 25000, 'Order', 0, '2023-04-09 06:44:38', '2023-04-09 06:44:38'),
(1177, 405, 2, 75000, 90000, 'Order', 0, '2023-04-09 06:44:38', '2023-04-09 06:44:38'),
(1178, 429, 5, 58807, 70000, 'Order', 0, '2023-04-09 06:44:38', '2023-04-09 06:44:38'),
(1179, 441, 2, 48760, 60000, 'Order', 0, '2023-04-09 06:44:38', '2023-04-09 06:44:38'),
(1180, 408, 3, 138048, 175000, 'Order', 0, '2023-04-09 06:44:38', '2023-04-09 06:44:38'),
(1181, 428, 1, 29552, 35000, 'Order', 0, '2023-04-09 06:44:38', '2023-04-09 06:44:38'),
(1182, 430, 1, 68816, 80000, 'Order', 0, '2023-04-09 06:44:38', '2023-04-09 06:44:38'),
(1183, 433, 3, 16696, 20000, 'Order', 0, '2023-04-09 06:44:38', '2023-04-09 06:44:38'),
(1184, 399, 3, 59700, 75000, 'Order', 0, '2023-04-09 06:44:38', '2023-04-09 06:44:38'),
(1185, 425, 5, 79122, 100000, 'Order', 0, '2023-04-09 06:44:38', '2023-04-09 06:44:38'),
(1186, 391, 4, 109121, 150000, 'Order', 0, '2023-04-09 06:44:38', '2023-04-09 06:44:38'),
(1187, 436, 3, 9713, 13000, 'Order', 0, '2023-04-09 06:44:38', '2023-04-09 06:44:38'),
(1188, 438, 4, 16713, 20000, 'Order', 0, '2023-04-09 06:44:38', '2023-04-09 06:44:38'),
(1189, 440, 3, 16780, 20000, 'Order', 0, '2023-04-09 06:44:38', '2023-04-09 06:44:38'),
(1190, 389, 4, 54397, 65000, 'Order', 0, '2023-04-09 06:44:38', '2023-04-09 06:44:38'),
(1191, 414, 1, 59880, 75000, 'Order', 0, '2023-04-09 06:44:38', '2023-04-09 06:44:38'),
(1192, 438, 1, 16713, 20000, 'Order', 0, '2023-04-09 06:44:38', '2023-04-09 06:44:38'),
(1193, 446, 3, 59402, 75000, 'Order', 0, '2023-04-09 06:44:38', '2023-04-09 06:44:38'),
(1194, 412, 1, 197609, 250000, 'Order', 0, '2023-04-09 06:44:38', '2023-04-09 06:44:38'),
(1195, 422, 5, 57922, 80000, 'Order', 0, '2023-04-09 06:44:38', '2023-04-09 06:44:38'),
(1196, 437, 5, 16696, 20000, 'Order', 0, '2023-04-09 06:44:38', '2023-04-09 06:44:38'),
(1197, 412, 2, 197609, 250000, 'Order', 0, '2023-04-09 06:44:38', '2023-04-09 06:44:38'),
(1198, 456, 2, 98803, 120000, 'Order', 0, '2023-04-09 06:44:38', '2023-04-09 06:44:38'),
(1199, 389, 3, 54397, 65000, 'Order', 0, '2023-04-09 06:44:38', '2023-04-09 06:44:38'),
(1200, 413, 5, 370888, 460000, 'Order', 0, '2023-04-09 06:44:38', '2023-04-09 06:44:38'),
(1201, 410, 5, 54125, 70000, 'Order', 0, '2023-04-09 06:44:38', '2023-04-09 06:44:38'),
(1202, 430, 2, 68816, 80000, 'Order', 0, '2023-04-09 06:44:38', '2023-04-09 06:44:38'),
(1203, 435, 2, 9930, 13000, 'Order', 0, '2023-04-09 06:44:38', '2023-04-09 06:44:38'),
(1204, 436, 1, 9713, 13000, 'Order', 0, '2023-04-09 06:44:38', '2023-04-09 06:44:38'),
(1205, 395, 2, 73435, 90000, 'Order', 0, '2023-04-09 06:44:38', '2023-04-09 06:44:38'),
(1206, 416, 5, 89460, 110000, 'Order', 0, '2023-04-09 06:44:38', '2023-04-09 06:44:38'),
(1207, 430, 3, 68816, 80000, 'Order', 0, '2023-04-09 06:44:38', '2023-04-09 06:44:38'),
(1208, 446, 3, 59402, 75000, 'Order', 0, '2023-04-09 06:44:38', '2023-04-09 06:44:38'),
(1209, 391, 1, 109121, 150000, 'Order', 0, '2023-04-09 06:44:38', '2023-04-09 06:44:38'),
(1210, 436, 5, 9713, 13000, 'Order', 0, '2023-04-09 06:44:38', '2023-04-09 06:44:38'),
(1211, 440, 3, 16780, 20000, 'Order', 0, '2023-04-09 06:44:38', '2023-04-09 06:44:38'),
(1212, 446, 1, 59402, 75000, 'Order', 0, '2023-04-09 06:44:38', '2023-04-09 06:44:38'),
(1213, 459, 5, 256889, 360000, 'Order', 0, '2023-04-09 06:44:38', '2023-04-09 06:44:38'),
(1214, 404, 4, 98605, 130000, 'Order', 0, '2023-04-09 06:44:38', '2023-04-09 06:44:38'),
(1215, 406, 3, 129091, 160000, 'Order', 0, '2023-04-09 06:44:38', '2023-04-09 06:44:38'),
(1216, 424, 3, 97914, 130000, 'Order', 0, '2023-04-09 06:44:38', '2023-04-09 06:44:38'),
(1217, 387, 100, 112000, NULL, 'Stock In', 1, '2023-04-13 22:49:32', '2023-04-13 22:49:32'),
(1220, 388, 4, 72847, 90000, 'Order', 0, '2023-04-15 01:08:21', '2023-04-15 01:08:21'),
(1221, 389, 4, 52765, 65000, 'Order', 0, '2023-04-15 01:08:21', '2023-04-15 01:08:21'),
(1222, 390, 4, 62486, 85000, 'Order', 0, '2023-04-15 01:08:21', '2023-04-15 01:08:21'),
(1223, 387, 1, 107038, 130000, 'Order', 0, '2023-04-15 01:10:40', '2023-04-15 01:10:40'),
(1224, 388, 1, 72555, 90000, 'Order', 0, '2023-04-15 01:10:40', '2023-04-15 01:10:40'),
(1225, 389, 1, 52554, 65000, 'Order', 0, '2023-04-15 01:10:40', '2023-04-15 01:10:40'),
(1226, 387, 1, 107038, 130000, 'Order', 0, '2023-04-15 01:11:02', '2023-04-15 01:11:02'),
(1227, 388, 1, 72555, 90000, 'Order', 0, '2023-04-15 01:11:02', '2023-04-15 01:11:02'),
(1228, 389, 1, 52554, 65000, 'Order', 0, '2023-04-15 01:11:02', '2023-04-15 01:11:02'),
(1229, 387, 1, 106860, 130000, 'Order', 0, '2023-04-15 01:11:48', '2023-04-15 01:11:48'),
(1230, 388, 1, 72410, 90000, 'Order', 0, '2023-04-15 01:11:48', '2023-04-15 01:11:48'),
(1231, 388, 1, 72338, 90000, 'Order', 0, '2023-04-15 01:12:20', '2023-04-15 01:12:20'),
(1232, 387, 1, 106770, 130000, 'Order', 0, '2023-04-15 01:13:02', '2023-04-15 01:13:02'),
(1233, 388, 1, 72265, 90000, 'Order', 0, '2023-04-15 01:13:02', '2023-04-15 01:13:02'),
(1234, 396, 1, 87765, 110000, 'Order', 0, '2023-04-15 01:13:12', '2023-04-15 01:13:12');

-- --------------------------------------------------------

--
-- Struktur dari tabel `user`
--

CREATE TABLE `user` (
  `id` bigint UNSIGNED NOT NULL,
  `name` varchar(255) CHARACTER SET utf8 COLLATE utf8_unicode_ci NOT NULL,
  `username` varchar(255) CHARACTER SET utf8 COLLATE utf8_unicode_ci NOT NULL,
  `password` varchar(255) CHARACTER SET utf8 COLLATE utf8_unicode_ci NOT NULL,
  `remember_token` varchar(100) CHARACTER SET utf8 COLLATE utf8_unicode_ci DEFAULT NULL,
  `created_at` timestamp NULL DEFAULT NULL,
  `updated_at` timestamp NULL DEFAULT NULL,
  `role` tinyint DEFAULT NULL
) ENGINE=InnoDB DEFAULT CHARSET=utf8 COLLATE=utf8_unicode_ci;

--
-- Dumping data untuk tabel `user`
--

INSERT INTO `user` (`id`, `name`, `username`, `password`, `remember_token`, `created_at`, `updated_at`, `role`) VALUES
(1, 'Admin', 'admin', '$2y$10$4Enoq8VMNc3BDEbiEIElTOgFZ1WVHtjUX.PFiPE5fLIjxArmGYpBm', NULL, NULL, '2023-04-15 03:08:45', 1),
(2, 'Mamat', 'mamat', '$2y$10$iiUU/k2DaiFFfxfpND4Afe0VXNXmTiQNv.iVLwqsB0BiKNJyXqW.e', NULL, '2023-04-02 05:34:19', '2023-04-15 03:10:02', 2),
(3, 'Rahma', 'rahma', '$2y$10$blFQGdzdU5tybzjsMPRwl.vU/n/A7VqOS3lz0265Kj8D1S2GMTCsi', NULL, '2023-04-02 05:34:19', '2023-04-15 03:09:56', 2),
(1007, 'Lina', 'lina', '$2y$10$Ov/Qjp/9zbu4TfvG20Di2ucgyKwIUOrgB9sevaMrgrZzD2sfV3IuC', NULL, '2023-04-15 03:10:14', '2023-04-15 03:10:14', 2);

--
-- Indexes for dumped tables
--

--
-- Indeks untuk tabel `category`
--
ALTER TABLE `category`
  ADD PRIMARY KEY (`id`);

--
-- Indeks untuk tabel `customer`
--
ALTER TABLE `customer`
  ADD PRIMARY KEY (`id`);

--
-- Indeks untuk tabel `failed_jobs`
--
ALTER TABLE `failed_jobs`
  ADD PRIMARY KEY (`id`),
  ADD UNIQUE KEY `failed_jobs_uuid_unique` (`uuid`);

--
-- Indeks untuk tabel `migrations`
--
ALTER TABLE `migrations`
  ADD PRIMARY KEY (`id`);

--
-- Indeks untuk tabel `order`
--
ALTER TABLE `order`
  ADD PRIMARY KEY (`id`),
  ADD KEY `fk_order_customer1_idx` (`customer_id`),
  ADD KEY `fk_order_user1_idx` (`user_id`);

--
-- Indeks untuk tabel `order_detail`
--
ALTER TABLE `order_detail`
  ADD PRIMARY KEY (`id`),
  ADD KEY `fk_order_detail_stock1_idx` (`stock_id`),
  ADD KEY `fk_order_detail_order` (`order_id`);

--
-- Indeks untuk tabel `product`
--
ALTER TABLE `product`
  ADD PRIMARY KEY (`id`),
  ADD KEY `fk_product_category_idx` (`category_id`);

--
-- Indeks untuk tabel `setting`
--
ALTER TABLE `setting`
  ADD PRIMARY KEY (`id`);

--
-- Indeks untuk tabel `stock`
--
ALTER TABLE `stock`
  ADD PRIMARY KEY (`id`),
  ADD KEY `fk_stock_product1_idx` (`product_id`);

--
-- Indeks untuk tabel `user`
--
ALTER TABLE `user`
  ADD PRIMARY KEY (`id`),
  ADD UNIQUE KEY `users_email_unique` (`username`);

--
-- AUTO_INCREMENT untuk tabel yang dibuang
--

--
-- AUTO_INCREMENT untuk tabel `category`
--
ALTER TABLE `category`
  MODIFY `id` int NOT NULL AUTO_INCREMENT, AUTO_INCREMENT=13;

--
-- AUTO_INCREMENT untuk tabel `customer`
--
ALTER TABLE `customer`
  MODIFY `id` int NOT NULL AUTO_INCREMENT, AUTO_INCREMENT=103;

--
-- AUTO_INCREMENT untuk tabel `failed_jobs`
--
ALTER TABLE `failed_jobs`
  MODIFY `id` bigint UNSIGNED NOT NULL AUTO_INCREMENT;

--
-- AUTO_INCREMENT untuk tabel `migrations`
--
ALTER TABLE `migrations`
  MODIFY `id` int UNSIGNED NOT NULL AUTO_INCREMENT, AUTO_INCREMENT=5;

--
-- AUTO_INCREMENT untuk tabel `order`
--
ALTER TABLE `order`
  MODIFY `id` int NOT NULL AUTO_INCREMENT, AUTO_INCREMENT=303;

--
-- AUTO_INCREMENT untuk tabel `order_detail`
--
ALTER TABLE `order_detail`
  MODIFY `id` int NOT NULL AUTO_INCREMENT, AUTO_INCREMENT=911;

--
-- AUTO_INCREMENT untuk tabel `product`
--
ALTER TABLE `product`
  MODIFY `id` int NOT NULL AUTO_INCREMENT, AUTO_INCREMENT=465;

--
-- AUTO_INCREMENT untuk tabel `setting`
--
ALTER TABLE `setting`
  MODIFY `id` int NOT NULL AUTO_INCREMENT, AUTO_INCREMENT=2;

--
-- AUTO_INCREMENT untuk tabel `stock`
--
ALTER TABLE `stock`
  MODIFY `id` int NOT NULL AUTO_INCREMENT, AUTO_INCREMENT=1235;

--
-- AUTO_INCREMENT untuk tabel `user`
--
ALTER TABLE `user`
  MODIFY `id` bigint UNSIGNED NOT NULL AUTO_INCREMENT, AUTO_INCREMENT=1008;

--
-- Ketidakleluasaan untuk tabel pelimpahan (Dumped Tables)
--

--
-- Ketidakleluasaan untuk tabel `order`
--
ALTER TABLE `order`
  ADD CONSTRAINT `fk_order_customer1` FOREIGN KEY (`customer_id`) REFERENCES `customer` (`id`) ON DELETE CASCADE ON UPDATE CASCADE,
  ADD CONSTRAINT `fk_order_user1` FOREIGN KEY (`user_id`) REFERENCES `user` (`id`) ON DELETE CASCADE ON UPDATE CASCADE;

--
-- Ketidakleluasaan untuk tabel `order_detail`
--
ALTER TABLE `order_detail`
  ADD CONSTRAINT `fk_order_detail_order` FOREIGN KEY (`order_id`) REFERENCES `order` (`id`) ON DELETE CASCADE ON UPDATE CASCADE,
  ADD CONSTRAINT `fk_order_detail_stock1` FOREIGN KEY (`stock_id`) REFERENCES `stock` (`id`) ON DELETE CASCADE ON UPDATE CASCADE;

--
-- Ketidakleluasaan untuk tabel `product`
--
ALTER TABLE `product`
  ADD CONSTRAINT `product_ibfk_1` FOREIGN KEY (`category_id`) REFERENCES `category` (`id`) ON DELETE SET NULL ON UPDATE SET NULL;

--
-- Ketidakleluasaan untuk tabel `stock`
--
ALTER TABLE `stock`
  ADD CONSTRAINT `fk_stock_product1` FOREIGN KEY (`product_id`) REFERENCES `product` (`id`) ON DELETE CASCADE ON UPDATE CASCADE;
COMMIT;

/*!40101 SET CHARACTER_SET_CLIENT=@OLD_CHARACTER_SET_CLIENT */;
/*!40101 SET CHARACTER_SET_RESULTS=@OLD_CHARACTER_SET_RESULTS */;
/*!40101 SET COLLATION_CONNECTION=@OLD_COLLATION_CONNECTION */;
